timestamp,open,high,low,close,volume
2025-07-31 16:00:00,118306.18,118879.14,118242.39,118538.53,876.32003
2025-07-31 17:00:00,118538.53,118557.71,117702.42,117728.0,1032.83499
2025-07-31 18:00:00,117728.0,117998.38,117400.0,117658.8,946.75341
2025-07-31 19:00:00,117658.81,117762.05,116763.43,116785.79,1372.31175
2025-07-31 20:00:00,116785.78,116990.04,116450.0,116514.0,975.87757
2025-07-31 21:00:00,116514.0,116909.67,116228.77,116536.96,742.76679
2025-07-31 22:00:00,116536.96,116536.97,116010.0,116010.6,834.08855
2025-07-31 23:00:00,116010.6,116362.99,115500.0,115764.08,1266.02629
2025-08-01 00:00:00,115764.07,115933.0,114313.13,115427.27,2526.88761
2025-08-01 01:00:00,115427.27,115609.99,114600.0,115331.86,1656.04021
2025-08-01 02:00:00,115328.67,116019.3,115221.07,115966.12,704.95562
2025-08-01 03:00:00,115966.11,116052.0,115613.21,115648.03,552.44227
2025-08-01 04:00:00,115648.03,115699.58,115266.64,115695.52,571.24791
2025-08-01 05:00:00,115695.53,115916.43,115385.92,115568.0,511.19199
2025-08-01 06:00:00,115568.0,115658.09,115065.55,115156.51,629.39718
2025-08-01 07:00:00,115156.52,115300.0,114633.18,115081.77,1240.67026
2025-08-01 08:00:00,115081.76,115081.76,114116.0,114615.99,1432.56065
2025-08-01 09:00:00,114615.98,115340.0,114555.41,114938.67,848.20925
2025-08-01 10:00:00,114938.66,115203.13,114710.02,114762.58,563.088
2025-08-01 11:00:00,114762.58,115336.98,114602.4,115305.65,494.67127
2025-08-01 12:00:00,115305.64,115900.0,115142.62,115732.48,1062.63539
2025-08-01 13:00:00,115732.48,116019.3,114172.0,114352.05,1584.07705
2025-08-01 14:00:00,114352.04,115831.28,113988.47,115619.8,1808.99
2025-08-01 15:00:00,115619.8,115645.57,114676.03,115357.82,870.26042
2025-08-01 16:00:00,115357.82,115695.52,114817.81,115015.6,703.92463
2025-08-01 17:00:00,115015.6,115096.93,114345.0,114420.0,956.24887
2025-08-01 18:00:00,114420.0,114496.59,113669.01,113836.93,1180.88823
2025-08-01 19:00:00,113836.92,113922.47,113221.93,113328.68,1294.41329
2025-08-01 20:00:00,113328.67,113980.0,113168.22,113951.09,957.20378
2025-08-01 21:00:00,113951.1,114094.08,113700.0,113892.12,429.29775
2025-08-01 22:00:00,113892.11,114010.82,112722.58,113141.05,1368.89305
2025-08-01 23:00:00,113141.05,113560.46,112908.54,113297.93,538.90738
2025-08-02 00:00:00,113297.92,113844.16,113198.63,113822.97,564.28406
2025-08-02 01:00:00,113822.97,113909.3,113420.76,113674.24,353.21281
2025-08-02 02:00:00,113674.23,113766.43,113534.3,113702.24,231.27114
2025-08-02 03:00:00,113702.24,113921.94,113702.24,113909.86,274.2046
2025-08-02 04:00:00,113909.87,114057.27,113820.0,114025.75,276.30204
2025-08-02 05:00:00,114025.76,114063.49,113855.01,113981.06,316.01705
2025-08-02 06:00:00,113981.07,113981.07,113469.43,113697.85,738.65234
2025-08-02 07:00:00,113697.85,114021.0,113556.19,113982.49,343.41858
2025-08-02 08:00:00,113982.49,114040.29,113676.81,113682.01,340.52067
2025-08-02 09:00:00,113682.01,113852.0,113572.19,113690.7,257.96721
2025-08-02 10:00:00,113690.71,113704.0,113425.58,113550.89,298.16298
2025-08-02 11:00:00,113550.89,113914.25,113451.77,113787.12,238.71141
2025-08-02 12:00:00,113787.11,113787.12,113564.99,113620.01,343.54746
2025-08-02 13:00:00,113620.01,113630.0,113218.0,113457.85,451.43917
2025-08-02 14:00:00,113457.86,113530.0,112939.39,113099.89,592.6822
2025-08-02 15:00:00,113099.9,113420.0,112802.31,112840.71,535.05988
2025-08-02 16:00:00,112840.7,113261.16,112700.07,113200.25,635.18022
2025-08-02 17:00:00,113200.25,113420.0,112584.23,112724.03,549.02438
2025-08-02 18:00:00,112724.04,112920.0,112099.22,112327.65,1222.82947
2025-08-02 19:00:00,112327.65,112945.62,112003.0,112229.42,1007.67252
2025-08-02 20:00:00,112229.42,112780.0,112069.86,112780.0,524.00327
2025-08-02 21:00:00,112780.0,113058.82,112562.02,112859.32,390.78856
2025-08-02 22:00:00,112859.32,113011.63,112555.0,112862.14,295.9162
2025-08-02 23:00:00,112862.14,112873.83,112280.86,112546.35,726.46606
2025-08-03 00:00:00,112546.35,112992.27,111920.0,112956.04,821.53565
2025-08-03 01:00:00,112956.04,113269.92,112841.46,113107.99,481.50444
2025-08-03 02:00:00,113107.99,113517.58,113100.0,113517.58,450.43769
2025-08-03 03:00:00,113517.58,113740.69,113419.45,113604.2,353.06632
2025-08-03 04:00:00,113604.2,113604.2,113341.06,113468.41,237.62179
2025-08-03 05:00:00,113468.41,113659.0,113408.22,113618.52,203.79543
2025-08-03 06:00:00,113618.52,113636.5,113472.54,113559.34,147.54012
2025-08-03 07:00:00,113559.34,113720.16,113559.34,113700.0,175.31963
2025-08-03 08:00:00,113700.0,113790.0,113551.0,113692.0,282.38474
2025-08-03 09:00:00,113692.01,113710.51,113630.3,113654.95,234.09945
2025-08-03 10:00:00,113654.95,113900.0,113654.94,113899.99,181.60816
2025-08-03 11:00:00,113899.99,114260.31,113861.18,113862.18,562.11642
2025-08-03 12:00:00,113862.19,114098.45,113656.4,114009.99,337.34488
2025-08-03 13:00:00,114010.0,114095.35,113803.0,113939.0,257.53926
2025-08-03 14:00:00,113939.0,114065.54,113579.69,113792.28,320.16676
2025-08-03 15:00:00,113792.29,113966.0,113674.05,113959.06,216.51596
2025-08-03 16:00:00,113959.06,114026.82,113775.55,113995.16,246.66079
2025-08-03 17:00:00,113995.15,114165.09,113953.97,114117.42,198.95641
2025-08-03 18:00:00,114117.42,114460.15,114060.36,114380.4,361.64858
2025-08-03 19:00:00,114380.41,114799.97,114259.95,114313.19,447.69931
2025-08-03 20:00:00,114313.19,114467.0,114163.49,114423.77,200.81959
2025-08-03 21:00:00,114423.77,114521.68,114363.46,114435.47,223.44858
2025-08-03 22:00:00,114435.46,114612.24,114066.56,114324.83,237.81327
2025-08-03 23:00:00,114324.84,114500.0,114176.0,114208.8,218.11723
2025-08-04 00:00:00,114208.81,114914.29,114107.6,114899.87,508.31725
2025-08-04 01:00:00,114899.86,115000.0,114620.14,114671.96,423.44241
2025-08-04 02:00:00,114671.96,114877.98,114418.68,114797.9,351.22547
2025-08-04 03:00:00,114797.9,114799.0,114527.73,114570.61,242.02073
2025-08-04 04:00:00,114570.61,114653.51,114345.74,114383.55,269.38623
2025-08-04 05:00:00,114383.54,114418.75,114188.0,114391.26,265.57526
2025-08-04 06:00:00,114391.26,114482.49,114148.58,114423.76,331.16254
2025-08-04 07:00:00,114423.77,114778.5,114402.45,114652.97,355.14904
2025-08-04 08:00:00,114652.98,114750.0,114360.99,114546.25,411.15429
2025-08-04 09:00:00,114546.25,114744.2,114302.29,114325.92,278.67574
2025-08-04 10:00:00,114325.92,114506.16,114234.58,114251.83,264.56078
2025-08-04 11:00:00,114251.83,114517.55,114217.97,114493.09,234.25413
2025-08-04 12:00:00,114493.09,114535.48,114327.95,114444.36,221.8459
2025-08-04 13:00:00,114444.36,114913.89,114121.0,114913.88,839.66562
2025-08-04 14:00:00,114913.89,115466.0,114652.96,114736.78,1386.32387
2025-08-04 15:00:00,114736.78,115022.97,114560.33,114826.0,437.62587
2025-08-04 16:00:00,114826.01,115405.22,114826.0,115301.0,612.68493
2025-08-04 17:00:00,115301.0,115720.0,115148.08,115193.41,546.48208
2025-08-04 18:00:00,115193.41,115312.76,114913.88,114957.64,298.66935
2025-08-04 19:00:00,114957.63,115134.46,114732.65,114777.62,385.27982
2025-08-04 20:00:00,114777.62,115076.34,114616.33,114811.96,363.41688
2025-08-04 21:00:00,114811.95,115258.62,114810.75,115111.09,229.85173
2025-08-04 22:00:00,115111.09,115325.88,115086.72,115325.88,225.85251
2025-08-04 23:00:00,115325.88,115340.0,115046.67,115055.03,185.05673
2025-08-05 00:00:00,115055.03,115127.81,114840.0,114886.96,347.41151
2025-08-05 01:00:00,114886.97,115046.68,114695.18,114708.11,309.55292
2025-08-05 02:00:00,114708.11,114827.79,114614.94,114719.27,238.27103
2025-08-05 03:00:00,114719.27,114737.82,114256.85,114256.85,503.68849
2025-08-05 04:00:00,114256.85,114426.65,114149.95,114338.06,577.56577
2025-08-05 05:00:00,114338.07,114487.25,114239.87,114405.99,337.63342
2025-08-05 06:00:00,114406.0,114500.66,114105.71,114178.63,389.84213
2025-08-05 07:00:00,114178.64,114395.3,113725.72,113969.7,820.50191
2025-08-05 08:00:00,113969.7,114540.0,113928.87,114281.09,460.31877
2025-08-05 09:00:00,114281.09,114792.72,114281.08,114694.76,482.30599
2025-08-05 10:00:00,114694.76,115096.73,114586.73,114841.27,438.67573
2025-08-05 11:00:00,114841.28,114972.0,114750.0,114827.07,212.26183
2025-08-05 12:00:00,114827.07,114893.13,113500.01,113937.35,935.92869
2025-08-05 13:00:00,113937.35,114573.17,113868.0,114381.43,634.93972
2025-08-05 14:00:00,114380.75,114386.37,112650.0,113037.12,2125.43779
2025-08-05 15:00:00,113037.12,113249.11,112692.3,112934.0,894.1622
2025-08-05 16:00:00,112934.0,113367.31,112815.68,113175.73,505.57628
2025-08-05 17:00:00,113175.73,113661.96,113096.0,113640.01,359.20465
2025-08-05 18:00:00,113640.01,113653.93,113261.79,113644.71,313.62971
2025-08-05 19:00:00,113644.72,113763.27,113407.35,113616.52,256.1101
2025-08-05 20:00:00,113616.51,113989.97,113494.47,113690.71,242.46818
2025-08-05 21:00:00,113690.71,113862.45,113569.07,113606.53,183.41893
2025-08-05 22:00:00,113606.52,113989.4,113304.0,113961.25,268.24607
2025-08-05 23:00:00,113961.25,114228.88,113918.4,114129.75,205.63896
2025-08-06 00:00:00,114129.75,114139.38,113748.67,113879.7,295.3476
2025-08-06 01:00:00,113879.69,113945.14,113588.77,113821.21,292.50885
2025-08-06 02:00:00,113820.77,113833.88,113491.76,113623.22,206.78627
2025-08-06 03:00:00,113623.23,113658.13,113400.0,113509.97,266.89492
2025-08-06 04:00:00,113509.98,113582.71,113355.13,113429.21,248.98133
2025-08-06 05:00:00,113429.21,114417.02,113384.81,114148.01,602.70557
2025-08-06 06:00:00,114148.01,114200.0,113933.23,114084.93,265.65128
2025-08-06 07:00:00,114084.92,114300.0,114019.66,114227.91,319.69253
2025-08-06 08:00:00,114227.9,114250.0,113727.57,113948.22,382.35629
2025-08-06 09:00:00,113948.23,114368.31,113906.96,114093.15,340.97337
2025-08-06 10:00:00,114093.15,114226.69,113899.2,114067.2,335.97303
2025-08-06 11:00:00,114067.2,114404.23,114007.85,114226.69,220.99495
2025-08-06 12:00:00,114226.68,114333.59,113809.02,113914.31,306.06988
2025-08-06 13:00:00,113914.31,114390.88,113579.9,114270.09,671.195
2025-08-06 14:00:00,114270.09,115200.0,113869.88,115187.96,1041.66895
2025-08-06 15:00:00,115187.96,115515.09,114832.38,115413.87,1490.7463
2025-08-06 16:00:00,115413.87,115477.06,114942.18,115132.49,642.38859
2025-08-06 17:00:00,115132.49,115514.28,115024.0,115500.0,392.98209
2025-08-06 18:00:00,115500.0,115716.0,115301.27,115423.22,479.34282
2025-08-06 19:00:00,115423.23,115525.48,115118.8,115259.99,213.24559
2025-08-06 20:00:00,115260.0,115260.0,114987.68,115045.64,210.50571
2025-08-06 21:00:00,115045.65,115221.14,114793.01,115048.78,185.66057
2025-08-06 22:00:00,115048.77,115210.95,115039.14,115106.67,165.26512
2025-08-06 23:00:00,115106.66,115122.34,114963.2,114992.27,183.21657
2025-08-07 00:00:00,114992.27,115015.82,114856.15,114890.65,163.37387
2025-08-07 01:00:00,114890.66,115185.58,114580.53,114763.46,404.60721
2025-08-07 02:00:00,114763.47,114859.0,114404.22,114565.28,452.19409
2025-08-07 03:00:00,114564.76,114624.3,114404.7,114546.03,172.73916
2025-08-07 04:00:00,114546.03,114648.0,114259.0,114349.58,270.06529
2025-08-07 05:00:00,114349.58,114568.74,114278.02,114568.73,404.27424
2025-08-07 06:00:00,114568.74,114784.0,114511.96,114650.01,387.25216
2025-08-07 07:00:00,114650.01,114876.79,114640.03,114787.99,229.36946
2025-08-07 08:00:00,114787.99,115179.99,114787.98,114948.74,302.6219
2025-08-07 09:00:00,114948.74,115077.37,114844.78,115062.19,216.94309
2025-08-07 10:00:00,115062.19,116430.01,115038.06,116347.22,1912.68886
2025-08-07 11:00:00,116347.23,116828.93,116347.23,116519.53,1265.855
2025-08-07 12:00:00,116519.54,116588.02,116035.84,116390.0,797.0617
2025-08-07 13:00:00,116390.01,116741.05,116200.0,116640.0,668.99023
2025-08-07 14:00:00,116640.01,116680.0,116204.32,116363.16,793.48345
2025-08-07 15:00:00,116363.16,116791.11,116240.0,116689.81,487.19639
2025-08-07 16:00:00,116689.8,116748.66,115632.31,116259.24,767.87711
2025-08-07 17:00:00,116259.24,116560.0,116120.0,116511.54,505.06396
2025-08-07 18:00:00,116511.55,116573.36,116123.72,116561.05,422.06821
2025-08-07 19:00:00,116561.05,117520.0,116488.0,117461.98,1040.61628
2025-08-07 20:00:00,117461.99,117496.05,117140.32,117182.19,510.82309
2025-08-07 21:00:00,117182.19,117354.21,117012.0,117105.78,337.78727
2025-08-07 22:00:00,117105.77,117621.0,117079.39,117554.23,676.81999
2025-08-07 23:00:00,117554.23,117579.98,117292.88,117472.01,278.79062
2025-08-08 00:00:00,117472.02,117630.0,116870.21,117264.12,806.35514
2025-08-08 01:00:00,117264.11,117264.12,116786.43,116888.02,659.33735
2025-08-08 02:00:00,116888.01,116923.21,116694.28,116700.0,320.47308
2025-08-08 03:00:00,116700.0,116980.0,116699.6,116737.35,607.75417
2025-08-08 04:00:00,116737.34,116869.49,116666.0,116750.01,325.84463
2025-08-08 05:00:00,116750.01,116750.01,116505.0,116530.63,346.36157
2025-08-08 06:00:00,116530.64,116763.44,116401.0,116740.01,336.4827
2025-08-08 07:00:00,116740.01,116973.3,116557.54,116817.19,447.58601
2025-08-08 08:00:00,116817.2,116914.6,116449.51,116620.63,335.47963
2025-08-08 09:00:00,116620.63,116726.88,116481.44,116685.17,231.14843
2025-08-08 10:00:00,116685.17,116714.46,116317.08,116544.39,331.86082
2025-08-08 11:00:00,116544.39,116899.78,116544.39,116891.51,210.49123
2025-08-08 12:00:00,116891.51,116891.52,116492.45,116500.48,293.02279
2025-08-08 13:00:00,116500.49,116945.63,116499.43,116917.97,612.94206
2025-08-08 14:00:00,116917.98,117271.73,116381.32,116491.53,725.75392
2025-08-08 15:00:00,116491.53,116538.94,115878.71,116207.69,909.09971
2025-08-08 16:00:00,116207.7,116364.82,116006.14,116193.63,344.02759
2025-08-08 17:00:00,116193.63,116708.86,116161.11,116708.86,450.81243
2025-08-08 18:00:00,116708.86,116900.0,116336.0,116497.99,571.6669
2025-08-08 19:00:00,116497.99,116716.26,116337.91,116453.41,324.29021
2025-08-08 20:00:00,116453.41,116900.0,116319.06,116888.52,248.65741
2025-08-08 21:00:00,116888.52,116979.95,116755.53,116931.44,257.90138
2025-08-08 22:00:00,116931.43,116980.0,116752.05,116888.9,210.4007
2025-08-08 23:00:00,116888.9,116917.74,116657.26,116674.74,137.56292
2025-08-09 00:00:00,116674.74,116750.0,116577.72,116586.0,153.621
2025-08-09 01:00:00,116586.0,116650.01,116521.38,116563.26,163.11531
2025-08-09 02:00:00,116563.26,116563.26,116400.0,116404.0,173.10957
2025-08-09 03:00:00,116404.0,116482.28,116299.13,116384.01,482.04648
2025-08-09 04:00:00,116384.01,116675.99,116339.45,116434.76,377.42502
2025-08-09 05:00:00,116434.77,116980.0,116418.0,116739.23,1012.58137
2025-08-09 06:00:00,116739.23,116756.24,116532.77,116650.75,388.30445
2025-08-09 07:00:00,116650.75,116902.22,116633.88,116756.01,242.70175
2025-08-09 08:00:00,116756.0,117181.0,116756.0,117106.65,373.19101
2025-08-09 09:00:00,117106.66,117510.88,117045.54,117510.87,774.92238
2025-08-09 10:00:00,117510.88,117944.05,117382.27,117424.16,867.64459
2025-08-09 11:00:00,117424.16,117471.73,117082.43,117110.0,337.61342
2025-08-09 12:00:00,117110.0,117238.04,117010.0,117116.64,301.63531
2025-08-09 13:00:00,117116.65,117154.15,116878.68,116968.32,306.03785
2025-08-09 14:00:00,116968.32,117000.0,116748.2,116972.87,357.09924
2025-08-09 15:00:00,116972.87,117132.75,116700.01,116892.47,417.89197
2025-08-09 16:00:00,116892.48,116947.16,116642.67,116648.51,288.56338
2025-08-09 17:00:00,116648.51,116782.46,116619.77,116670.22,252.00135
2025-08-09 18:00:00,116670.22,116720.96,116555.02,116634.91,227.07359
2025-08-09 19:00:00,116634.91,116721.74,116500.0,116535.69,435.14207
2025-08-09 20:00:00,116535.68,117021.16,116504.53,116778.07,562.07841
2025-08-09 21:00:00,116778.07,116794.4,116359.89,116524.09,452.45503
2025-08-09 22:00:00,116524.09,116742.28,116500.0,116541.63,406.75315
2025-08-09 23:00:00,116541.62,116590.0,116436.15,116462.25,161.12374
2025-08-10 00:00:00,116462.25,116759.08,116460.63,116749.47,289.53628
2025-08-10 01:00:00,116749.46,116776.59,116539.99,116576.42,275.18169
2025-08-10 02:00:00,116576.42,117318.0,116576.41,117317.99,579.74957
2025-08-10 03:00:00,117317.99,118500.0,117250.41,118500.0,2748.2157
2025-08-10 04:00:00,118500.0,118741.77,118380.0,118485.45,980.85579
2025-08-10 05:00:00,118485.45,118511.0,117902.62,118045.0,566.81947
2025-08-10 06:00:00,118045.0,118161.05,117743.44,118074.24,319.46299
2025-08-10 07:00:00,118074.24,118238.87,117466.34,117808.3,576.94555
2025-08-10 08:00:00,117808.29,118400.0,117608.01,118308.85,375.95884
2025-08-10 09:00:00,118308.86,118441.48,118110.64,118293.08,372.51661
2025-08-10 10:00:00,118293.09,118293.45,117998.9,118020.0,328.37693
2025-08-10 11:00:00,118020.01,118500.0,117940.0,118330.58,429.47265
2025-08-10 12:00:00,118330.58,118737.26,118232.0,118514.0,629.53171
2025-08-10 13:00:00,118514.0,118683.87,118370.39,118452.0,392.64786
2025-08-10 14:00:00,118451.99,118850.0,118308.02,118779.0,740.25126
2025-08-10 15:00:00,118778.99,119113.94,118568.07,118815.0,1046.79677
2025-08-10 16:00:00,118815.0,118944.24,118623.14,118671.74,402.88128
2025-08-10 17:00:00,118671.75,118693.02,118453.48,118520.32,230.15923
2025-08-10 18:00:00,118520.33,118611.91,118433.8,118554.01,143.03169
2025-08-10 19:00:00,118554.01,118714.28,118462.29,118663.08,219.78592
2025-08-10 20:00:00,118663.09,118765.71,118074.99,118323.16,759.54759
2025-08-10 21:00:00,118323.0,118716.91,118092.0,118716.9,598.54997
2025-08-10 22:00:00,118716.9,119084.93,118615.44,119084.92,563.5175
2025-08-10 23:00:00,119084.93,119311.11,118861.16,119294.01,752.97788
2025-08-11 00:00:00,119294.27,119500.0,119104.17,119126.35,785.72983
2025-08-11 01:00:00,119126.35,119999.0,118972.59,119988.0,1217.33398
2025-08-11 02:00:00,119988.0,121894.64,119937.59,121876.0,3889.63895
2025-08-11 03:00:00,121875.99,122164.07,121559.11,121728.99,1733.48981
2025-08-11 04:00:00,121729.0,122175.88,121623.14,122080.0,1318.04919
2025-08-11 05:00:00,122080.0,122335.16,121823.24,122059.34,960.5403
2025-08-11 06:00:00,122059.34,122332.98,121954.79,122300.63,842.9397
2025-08-11 07:00:00,122300.64,122313.0,121466.08,121537.15,1158.35871
2025-08-11 08:00:00,121537.14,121823.0,121207.34,121679.13,889.12137
2025-08-11 09:00:00,121679.13,121704.78,121080.0,121439.75,793.97438
2025-08-11 10:00:00,121439.75,121455.02,120954.13,121184.84,824.81128
2025-08-11 11:00:00,121184.84,121283.29,120286.4,120561.54,1708.36029
2025-08-11 12:00:00,120561.53,120667.54,119536.75,119643.7,1739.45694
2025-08-11 13:00:00,119643.7,120328.93,119382.91,120010.0,1453.53759
2025-08-11 14:00:00,120009.99,120586.54,119809.06,120243.59,1235.12815
2025-08-11 15:00:00,120243.6,120408.01,119843.18,120314.4,808.13955
2025-08-11 16:00:00,120314.4,120794.05,119920.0,119953.65,915.6277
2025-08-11 17:00:00,119953.65,120150.0,119461.97,119500.0,536.23147
2025-08-11 18:00:00,119500.01,119870.2,119261.57,119773.92,530.7427
2025-08-11 19:00:00,119773.92,119785.72,118604.17,119089.3,830.32085
2025-08-11 20:00:00,119089.3,119093.0,118565.69,118824.34,553.02173
2025-08-11 21:00:00,118824.33,119172.63,118050.11,118712.61,847.50979
2025-08-11 22:00:00,118712.61,118906.41,118280.71,118886.96,629.34656
2025-08-11 23:00:00,118886.97,118889.0,118588.78,118686.0,292.92347
2025-08-12 00:00:00,118686.0,119021.77,118593.39,118949.31,609.75469
2025-08-12 01:00:00,118949.31,119108.06,118767.54,118977.1,413.93961
2025-08-12 02:00:00,118977.09,119275.46,118834.51,119054.13,399.30726
2025-08-12 03:00:00,119054.14,119120.0,118749.06,118857.7,471.63372
2025-08-12 04:00:00,118857.7,119158.06,118804.75,119067.97,368.18781
2025-08-12 05:00:00,119067.97,119067.97,118424.86,118819.99,836.98015
2025-08-12 06:00:00,118820.0,119032.0,118607.85,118839.97,1210.70965
2025-08-12 07:00:00,118839.97,119150.0,118839.97,118986.72,719.50636
2025-08-12 08:00:00,118986.73,119058.43,118740.0,118814.7,715.27467
2025-08-12 09:00:00,118814.71,118893.29,118400.01,118408.38,737.95535
2025-08-12 10:00:00,118408.38,118662.9,118207.47,118449.99,569.79019
2025-08-12 11:00:00,118449.99,118662.9,118222.0,118522.22,323.35879
2025-08-12 12:00:00,118522.22,119264.66,118285.0,119264.66,1633.67826
2025-08-12 13:00:00,119264.66,119712.6,118631.69,118847.35,1772.02738
2025-08-12 14:00:00,118847.35,119437.12,118764.36,119437.12,607.50451
2025-08-12 15:00:00,119437.12,119960.0,119320.0,119933.0,900.84426
2025-08-12 16:00:00,119933.0,120192.1,119525.0,119647.7,763.58705
2025-08-12 17:00:00,119647.69,119857.04,119172.62,119269.99,649.26235
2025-08-12 18:00:00,119270.0,120073.01,119267.0,119344.9,537.1305
2025-08-12 19:00:00,119345.07,119958.05,119309.08,119665.27,359.09127
2025-08-12 20:00:00,119665.27,120324.43,119485.84,120192.1,838.15928
2025-08-12 21:00:00,120192.09,120202.21,119792.5,119903.36,393.93368
2025-08-12 22:00:00,119903.36,120100.0,119650.0,120099.99,428.42505
2025-08-12 23:00:00,120100.0,120299.99,119925.47,120134.08,460.06709
2025-08-13 00:00:00,120134.09,120192.1,119636.0,119713.19,515.63049
2025-08-13 01:00:00,119713.19,119716.24,119337.67,119478.47,550.66677
2025-08-13 02:00:00,119478.47,119729.99,119094.28,119549.37,638.50499
2025-08-13 03:00:00,119549.37,119630.57,119306.89,119482.01,656.1991
2025-08-13 04:00:00,119482.01,119820.18,119328.12,119335.01,694.25608
2025-08-13 05:00:00,119335.01,119673.28,118920.92,119070.69,727.82442
2025-08-13 06:00:00,119070.68,119416.22,118955.99,119410.01,373.05315
2025-08-13 07:00:00,119410.01,119638.55,119290.01,119580.4,528.96933
2025-08-13 08:00:00,119580.4,120044.5,119446.22,120044.49,874.74205
2025-08-13 09:00:00,120044.5,120169.76,119771.88,120116.02,675.01444
2025-08-13 10:00:00,120116.02,120496.0,120047.58,120496.0,931.34391
2025-08-13 11:00:00,120496.0,120732.94,120432.21,120570.41,732.08488
2025-08-13 12:00:00,120570.41,120686.0,120209.51,120273.72,911.18128
2025-08-13 13:00:00,120273.72,122051.99,120106.02,121767.97,2385.47998
2025-08-13 14:00:00,121767.97,122200.0,120759.37,120890.73,2480.0002
2025-08-13 15:00:00,120890.74,121343.06,120309.73,120920.62,1452.01051
2025-08-13 16:00:00,120920.61,121721.3,120920.61,121421.77,704.71477
2025-08-13 17:00:00,121421.77,121887.53,121421.76,121823.24,934.90387
2025-08-13 18:00:00,121823.25,121954.51,121429.36,121639.2,891.23926
2025-08-13 19:00:00,121639.19,122839.47,121524.27,122744.21,1637.04367
2025-08-13 20:00:00,122744.22,122973.0,122464.34,122904.01,839.50398
2025-08-13 21:00:00,122904.01,123000.0,122298.2,122561.16,1066.42754
2025-08-13 22:00:00,122561.17,123637.68,122561.16,122954.03,1390.69414
2025-08-13 23:00:00,122954.03,123667.79,122907.05,123306.43,618.58221
2025-08-14 00:00:00,123306.44,124474.0,123251.9,123847.83,1664.051676
2025-08-14 01:00:00,123847.82,123946.46,123337.66,123337.67,661.07211
2025-08-14 02:00:00,123337.66,123689.98,123250.5,123662.53,671.89713
2025-08-14 03:00:00,123662.53,123849.98,123295.21,123337.14,484.6554
2025-08-14 04:00:00,123337.14,123428.6,123001.46,123003.17,571.29861
2025-08-14 05:00:00,123003.17,123123.6,122080.0,122134.76,832.10482
2025-08-14 06:00:00,122134.76,122134.76,121313.86,121771.27,1465.18702
2025-08-14 07:00:00,121771.27,122047.79,121538.28,121725.31,887.06699
2025-08-14 08:00:00,121725.31,122045.9,121560.83,121637.78,956.93709
2025-08-14 09:00:00,121637.78,121918.8,121528.55,121649.84,613.30308
2025-08-14 10:00:00,121649.84,121772.9,120757.01,120933.0,1133.31236
2025-08-14 11:00:00,120932.99,121031.31,120694.0,120949.67,752.73621
2025-08-14 12:00:00,120949.66,121183.06,117632.0,118866.37,5056.4661
2025-08-14 13:00:00,118866.37,119249.2,117727.73,118428.85,3271.5732
2025-08-14 14:00:00,118428.86,119361.45,118008.32,118799.01,1837.14675
2025-08-14 15:00:00,118799.02,118899.64,117879.87,118257.25,1451.88156
2025-08-14 16:00:00,118257.26,118257.26,117407.09,117866.42,1506.20052
2025-08-14 17:00:00,117866.42,118146.48,117500.0,117920.13,636.71884
2025-08-14 18:00:00,117920.14,118214.78,117180.0,118089.75,713.71597
2025-08-14 19:00:00,118089.75,118535.0,117920.0,117945.92,688.76991
2025-08-14 20:00:00,117945.92,118146.55,117724.37,117866.16,595.56886
2025-08-14 21:00:00,117866.16,118199.99,117302.33,117899.16,723.48169
2025-08-14 22:00:00,117899.16,118349.01,117641.4,118285.46,363.07143
2025-08-14 23:00:00,118285.47,118516.81,118239.68,118295.09,442.73026
2025-08-15 00:00:00,118295.09,118473.18,118032.94,118181.97,387.64196
2025-08-15 01:00:00,118181.98,118736.0,118032.32,118681.64,473.85001
2025-08-15 02:00:00,118681.63,118888.0,118584.2,118698.0,549.41556
2025-08-15 03:00:00,118698.0,119077.71,118604.41,118968.91,472.64683
2025-08-15 04:00:00,118968.91,119199.2,118770.0,118833.03,497.50906
2025-08-15 05:00:00,118833.04,119000.0,118629.58,118984.29,360.89875
2025-08-15 06:00:00,118984.29,119216.82,118866.01,119082.82,411.99414
2025-08-15 07:00:00,119082.83,119100.0,118758.8,118956.45,462.50496
2025-08-15 08:00:00,118956.45,119144.5,118878.71,118878.72,251.38068
2025-08-15 09:00:00,118878.72,119058.94,118600.0,118707.99,299.88114
2025-08-15 10:00:00,118708.0,119026.53,118708.0,118879.83,283.78706
2025-08-15 11:00:00,118879.82,119121.31,118879.82,119006.01,294.77719
2025-08-15 12:00:00,119006.01,119130.77,118510.0,118648.66,647.85118
2025-08-15 13:00:00,118648.66,118738.0,117743.21,117770.48,1302.10489
2025-08-15 14:00:00,117770.47,118274.0,117260.0,117400.0,1176.80402
2025-08-15 15:00:00,117400.0,117588.68,116827.29,117275.22,2002.13351
2025-08-15 16:00:00,117275.23,117418.49,116803.99,117353.36,756.28175
2025-08-15 17:00:00,117353.36,117882.35,117000.0,117586.92,862.91559
2025-08-15 18:00:00,117586.92,117662.41,117028.98,117159.66,333.40859
2025-08-15 19:00:00,117159.65,117412.82,116866.0,116936.27,440.85496
2025-08-15 20:00:00,116936.28,117323.47,116862.5,117280.0,248.37175
2025-08-15 21:00:00,117280.01,117350.0,117000.0,117320.02,268.99006
2025-08-15 22:00:00,117320.01,117738.57,117302.65,117702.0,374.66043
2025-08-15 23:00:00,117701.99,117761.88,117036.53,117342.05,462.67467
2025-08-16 00:00:00,117342.04,117781.99,117231.14,117735.21,546.22017
2025-08-16 01:00:00,117735.2,117898.99,117626.31,117821.6,349.62497
2025-08-16 02:00:00,117821.61,117821.61,117440.74,117505.51,307.50607
2025-08-16 03:00:00,117505.52,117657.97,117389.56,117429.63,217.17429
2025-08-16 04:00:00,117429.63,117884.0,117419.44,117815.66,222.51215
2025-08-16 05:00:00,117815.66,117852.25,117522.7,117595.78,201.54892
2025-08-16 06:00:00,117595.78,117635.42,117278.0,117394.65,260.53589
2025-08-16 07:00:00,117394.64,117674.77,117344.69,117596.07,240.659
2025-08-16 08:00:00,117596.07,117677.06,117501.16,117631.09,185.0877
2025-08-16 09:00:00,117631.09,117703.92,117306.0,117312.0,303.36694
2025-08-16 10:00:00,117312.0,117447.05,117143.98,117388.0,524.83945
2025-08-16 11:00:00,117387.99,117540.0,117350.12,117378.52,192.74721
2025-08-16 12:00:00,117378.52,117747.36,117327.63,117747.36,348.10374
2025-08-16 13:00:00,117747.35,117799.99,117582.29,117623.52,365.37584
2025-08-16 14:00:00,117623.53,117771.4,117550.0,117771.39,253.05868
2025-08-16 15:00:00,117771.4,117825.0,117621.1,117676.7,224.96201
2025-08-16 16:00:00,117676.7,117817.65,117676.7,117747.65,389.81984
2025-08-16 17:00:00,117747.64,117747.65,117651.72,117693.0,181.46105
2025-08-16 18:00:00,117692.99,117757.06,117629.94,117685.79,112.36973
2025-08-16 19:00:00,117685.78,117771.4,117652.92,117672.12,133.77621
2025-08-16 20:00:00,117672.13,117713.51,117522.01,117655.41,155.93762
2025-08-16 21:00:00,117655.41,117655.42,117433.33,117452.21,152.99321
2025-08-16 22:00:00,117452.21,117552.0,117219.34,117460.56,325.20777
2025-08-16 23:00:00,117460.57,117475.07,117278.23,117380.66,198.79271
2025-08-17 00:00:00,117380.66,117419.45,117255.18,117255.19,159.66726
2025-08-17 01:00:00,117255.18,117491.44,117172.21,117439.97,244.13312
2025-08-17 02:00:00,117439.97,117624.55,117381.39,117606.0,157.36164
2025-08-17 03:00:00,117606.0,117771.37,117505.93,117684.95,209.36889
2025-08-17 04:00:00,117684.96,118187.28,117684.95,118076.11,372.88806
2025-08-17 05:00:00,118076.12,118230.82,118000.0,118000.01,296.61443
2025-08-17 06:00:00,118000.0,118118.0,117905.37,117923.99,232.28871
2025-08-17 07:00:00,117924.0,118030.15,117843.74,118005.98,207.89215
2025-08-17 08:00:00,118005.98,118399.99,117922.0,118366.06,337.81576
2025-08-17 09:00:00,118366.05,118484.0,118235.0,118345.99,330.30362
2025-08-17 10:00:00,118345.99,118393.35,118190.0,118393.34,170.26339
2025-08-17 11:00:00,118393.34,118393.35,118270.8,118308.01,169.29272
2025-08-17 12:00:00,118308.0,118356.62,118134.51,118162.6,183.56593
2025-08-17 13:00:00,118162.61,118575.0,118059.12,118429.99,396.26094
2025-08-17 14:00:00,118429.99,118473.66,118150.0,118150.01,189.61777
2025-08-17 15:00:00,118150.01,118263.9,118137.25,118246.16,204.82807
2025-08-17 16:00:00,118246.15,118316.01,117700.7,117834.56,488.38516
2025-08-17 17:00:00,117834.55,117934.82,117645.04,117900.0,212.98829
2025-08-17 18:00:00,117900.01,117947.98,117321.53,117542.01,360.32583
2025-08-17 19:00:00,117542.01,117749.12,117468.0,117570.07,264.4763
2025-08-17 20:00:00,117570.07,117749.32,117508.49,117599.44,141.19933
2025-08-17 21:00:00,117599.44,117781.38,117599.43,117700.0,104.468
2025-08-17 22:00:00,117700.01,117995.37,117688.5,117954.99,232.19191
2025-08-17 23:00:00,117955.0,117978.42,117371.65,117405.01,232.44464
2025-08-18 00:00:00,117405.01,117543.75,117020.0,117290.19,640.08542
2025-08-18 01:00:00,117290.2,117409.87,116166.03,116269.54,1892.28591
2025-08-18 02:00:00,116269.53,116339.61,115292.67,115453.24,2015.07156
2025-08-18 03:00:00,115452.0,115636.89,115000.0,115319.0,1253.98009
2025-08-18 04:00:00,115319.0,115533.89,115079.91,115469.51,597.83019
2025-08-18 05:00:00,115469.52,115688.0,115000.0,115687.99,763.17629
2025-08-18 06:00:00,115687.99,115712.49,114878.71,115245.56,1274.28433
2025-08-18 07:00:00,115245.56,115477.2,115186.56,115205.98,798.13334
2025-08-18 08:00:00,115205.99,115402.51,115068.58,115135.43,582.2051
2025-08-18 09:00:00,115135.43,115135.44,114640.14,115038.46,1245.97423
2025-08-18 10:00:00,115038.46,115261.69,114985.0,115058.58,567.82403
2025-08-18 11:00:00,115058.58,115127.54,114860.62,114947.27,397.98648
2025-08-18 12:00:00,114947.27,115520.0,114902.94,115519.99,477.46603
2025-08-18 13:00:00,115520.0,115736.54,114825.0,114839.13,824.85948
2025-08-18 14:00:00,114839.14,115633.73,114839.14,115633.73,673.6191
2025-08-18 15:00:00,115633.72,116186.97,115402.0,116145.34,796.23484
2025-08-18 16:00:00,116145.34,116350.0,115818.86,115962.24,496.59282
2025-08-18 17:00:00,115962.24,116800.0,115962.23,116428.99,713.09082
2025-08-18 18:00:00,116428.98,116579.16,116238.71,116481.81,239.93978
2025-08-18 19:00:00,116481.8,116639.35,116204.0,116313.99,281.74931
2025-08-18 20:00:00,116314.0,116529.5,115980.32,116407.99,349.12342
2025-08-18 21:00:00,116407.99,116675.67,116403.76,116648.99,230.40574
2025-08-18 22:00:00,116649.0,116980.0,116394.12,116399.99,316.21157
2025-08-18 23:00:00,116400.0,116564.38,116089.0,116227.05,317.80966
2025-08-19 00:00:00,116227.05,116563.55,115516.82,116563.13,597.52684
2025-08-19 01:00:00,116563.12,116725.69,115710.03,115798.0,461.06933
2025-08-19 02:00:00,115798.0,116051.0,115635.63,115747.08,344.75966
2025-08-19 03:00:00,115747.09,115771.98,114787.23,114810.0,987.54165
2025-08-19 04:00:00,114810.01,115372.55,114366.0,115305.99,973.09499
2025-08-19 05:00:00,115306.0,115483.24,114944.16,114972.9,406.89708
2025-08-19 06:00:00,114972.9,115219.99,114914.26,115019.99,394.62483
2025-08-19 07:00:00,115019.99,115056.0,114600.74,114978.14,724.50631
2025-08-19 08:00:00,114978.15,115300.0,114804.0,115186.48,489.77403
2025-08-19 09:00:00,115186.47,115488.27,115185.92,115322.7,443.60844
2025-08-19 10:00:00,115322.69,115577.6,115317.92,115400.0,241.6168
2025-08-19 11:00:00,115400.0,115650.0,115400.0,115508.71,296.0435
2025-08-19 12:00:00,115508.71,115617.84,115282.7,115599.99,338.93222
2025-08-19 13:00:00,115600.0,115875.84,114869.6,115192.0,928.5804
2025-08-19 14:00:00,115192.0,115378.82,113770.34,113882.66,2263.58751
2025-08-19 15:00:00,113882.66,114177.58,113587.68,113786.38,1763.36303
2025-08-19 16:00:00,113786.39,113897.58,113346.28,113388.3,959.63398
2025-08-19 17:00:00,113388.31,113596.07,113107.07,113520.11,1084.66267
2025-08-19 18:00:00,113520.11,113520.11,112837.11,113069.61,889.38987
2025-08-19 19:00:00,113069.61,113552.03,112767.06,113132.48,850.664
2025-08-19 20:00:00,113132.49,113570.44,112927.82,113570.44,496.52563
2025-08-19 21:00:00,113570.44,113589.48,113413.14,113419.11,316.99786
2025-08-19 22:00:00,113419.1,113440.43,113060.0,113174.42,1090.07931
2025-08-19 23:00:00,113174.42,113201.26,112732.58,112872.94,721.9943
2025-08-20 00:00:00,112872.95,113320.0,112843.14,113215.5,605.5856
2025-08-20 01:00:00,113215.49,113413.23,112566.01,112996.93,1004.04056
2025-08-20 02:00:00,112996.93,113500.0,112944.68,113438.29,915.27403
2025-08-20 03:00:00,113438.29,113636.13,113319.45,113525.91,591.80557
2025-08-20 04:00:00,113525.9,113700.0,113460.29,113633.47,351.01236
2025-08-20 05:00:00,113633.47,113767.44,113464.02,113708.0,305.42814
2025-08-20 06:00:00,113707.99,113734.23,113500.0,113653.28,284.56575
2025-08-20 07:00:00,113653.28,113837.93,113432.0,113490.13,426.40857
2025-08-20 08:00:00,113490.14,114016.77,113401.0,114010.0,1021.52601
2025-08-20 09:00:00,114010.0,114010.01,113628.65,113699.98,464.52912
2025-08-20 10:00:00,113699.98,113869.5,113587.68,113792.2,310.8205
2025-08-20 11:00:00,113792.19,113859.26,113060.08,113666.68,555.63081
2025-08-20 12:00:00,113666.69,113944.0,113512.88,113659.01,643.44169
2025-08-20 13:00:00,113659.01,113659.01,112600.0,112693.15,1099.37126
2025-08-20 14:00:00,112693.14,113854.34,112380.0,113465.84,1578.65617
2025-08-20 15:00:00,113465.84,114326.35,113229.43,113353.94,1283.96286
2025-08-20 16:00:00,113353.94,114309.16,113278.49,113839.99,769.22274
2025-08-20 17:00:00,113839.99,114444.0,113781.16,114197.53,577.51878
2025-08-20 18:00:00,114197.54,114269.63,113264.01,113490.01,676.25877
2025-08-20 19:00:00,113490.0,114337.31,113472.38,114276.66,601.00585
2025-08-20 20:00:00,114276.66,114375.27,114000.0,114370.0,384.69129
2025-08-20 21:00:00,114370.0,114476.13,114000.0,114356.24,372.36928
2025-08-20 22:00:00,114356.24,114615.38,114206.89,114595.19,498.00131
2025-08-20 23:00:00,114595.19,114608.77,114220.0,114271.24,315.21492
2025-08-21 00:00:00,114271.23,114493.1,114010.87,114292.14,429.62667
2025-08-21 01:00:00,114292.14,114736.0,113954.13,114729.94,432.98345
2025-08-21 02:00:00,114729.93,114821.76,113906.01,114038.0,447.89489
2025-08-21 03:00:00,114038.0,114531.29,113954.61,113954.62,316.2228
2025-08-21 04:00:00,113954.62,114033.84,113800.0,113800.0,293.43085
2025-08-21 05:00:00,113800.01,114010.83,113637.0,113995.12,344.63705
2025-08-21 06:00:00,113995.12,113995.12,113609.88,113807.2,443.88446
2025-08-21 07:00:00,113807.2,113944.74,113582.43,113896.03,530.41085
2025-08-21 08:00:00,113896.03,113990.0,113588.45,113588.45,336.76542
2025-08-21 09:00:00,113588.46,113616.58,113300.0,113376.85,413.40552
2025-08-21 10:00:00,113376.85,113479.97,113230.0,113329.74,331.35097
2025-08-21 11:00:00,113329.74,113542.47,113000.0,113148.66,428.12915
2025-08-21 12:00:00,113148.65,113416.69,112950.0,113095.29,386.2075
2025-08-21 13:00:00,113095.3,113713.56,113055.93,113486.98,624.69624
2025-08-21 14:00:00,113486.98,113995.11,112913.39,113281.99,580.15894
2025-08-21 15:00:00,113282.0,113386.31,112608.64,112792.08,930.0476
2025-08-21 16:00:00,112792.08,112969.47,112333.33,112379.58,780.22707
2025-08-21 17:00:00,112379.58,112596.9,112201.0,112410.91,737.11033
2025-08-21 18:00:00,112410.92,112682.2,112224.67,112602.62,382.38194
2025-08-21 19:00:00,112602.62,112724.74,112015.67,112193.71,569.08483
2025-08-21 20:00:00,112193.71,112870.94,112067.46,112450.3,336.45252
2025-08-21 21:00:00,112450.31,112734.51,112100.0,112628.76,337.37667
2025-08-21 22:00:00,112628.75,112712.7,112425.35,112511.2,200.73506
2025-08-21 23:00:00,112511.19,112511.2,112272.04,112500.0,226.47157
2025-08-22 00:00:00,112500.0,112840.0,112489.42,112630.87,267.79499
2025-08-22 01:00:00,112630.88,112924.37,112335.6,112840.08,331.54981
2025-08-22 02:00:00,112840.08,113525.0,112784.68,113153.96,716.89343
2025-08-22 03:00:00,113153.96,113441.45,112882.9,112929.24,293.95702
2025-08-22 04:00:00,112929.24,113256.03,112708.81,112847.63,270.33795
2025-08-22 05:00:00,112847.62,113285.59,112844.56,113241.99,333.83128
2025-08-22 06:00:00,113241.98,113394.76,112844.0,112998.3,426.59054
2025-08-22 07:00:00,112998.3,113250.0,112950.0,113094.83,625.49743
2025-08-22 08:00:00,113094.83,113319.3,112950.0,112980.34,448.78194
2025-08-22 09:00:00,112980.34,113128.0,112815.55,113049.67,517.13631
2025-08-22 10:00:00,113049.67,113060.0,112512.74,112534.54,455.48522
2025-08-22 11:00:00,112534.54,112629.4,112177.27,112320.0,511.03227
2025-08-22 12:00:00,112320.01,112713.93,111684.79,112341.5,1660.5893
2025-08-22 13:00:00,112341.5,112662.27,111932.28,112487.11,1042.30053
2025-08-22 14:00:00,112487.1,116116.11,112468.35,115808.23,6271.74223
2025-08-22 15:00:00,115808.24,117296.12,115808.23,116370.75,2530.62921
2025-08-22 16:00:00,116370.75,116783.22,116116.0,116146.47,1756.6795
2025-08-22 17:00:00,116146.48,117032.84,116146.48,117024.0,1300.14206
2025-08-22 18:00:00,117024.01,117429.05,116750.0,116805.27,721.60524
2025-08-22 19:00:00,116805.27,116914.3,116520.0,116655.79,529.51964
2025-08-22 20:00:00,116655.79,117127.44,116570.17,117052.65,545.695
2025-08-22 21:00:00,117052.65,117174.43,116829.34,117028.27,678.08593
2025-08-22 22:00:00,117028.27,117057.14,116550.96,116757.18,585.72702
2025-08-22 23:00:00,116757.18,116937.56,116674.51,116935.99,306.48652
2025-08-23 00:00:00,116936.0,117030.0,116726.64,116870.22,351.38045
2025-08-23 01:00:00,116870.22,116882.16,116300.0,116453.59,596.49295
2025-08-23 02:00:00,116453.59,116547.95,115500.0,115927.98,1195.36796
2025-08-23 03:00:00,115927.98,116044.55,115458.2,115568.77,504.34283
2025-08-23 04:00:00,115568.77,115980.0,115551.2,115926.77,535.76766
2025-08-23 05:00:00,115926.77,116034.53,115800.01,115954.51,806.27196
2025-08-23 06:00:00,115954.51,116015.69,115690.83,115781.16,462.86069
2025-08-23 07:00:00,115781.16,115928.0,115669.76,115799.47,453.28331
2025-08-23 08:00:00,115799.46,115861.8,115607.46,115746.12,341.58386
2025-08-23 09:00:00,115746.12,115782.03,115605.27,115765.82,288.64099
2025-08-23 10:00:00,115765.81,115780.59,115575.72,115575.72,312.57302
2025-08-23 11:00:00,115575.73,115616.63,115223.43,115310.13,371.09604
2025-08-23 12:00:00,115310.13,115486.97,115175.48,115213.6,445.4785
2025-08-23 13:00:00,115213.6,115213.6,114735.57,114864.92,981.86665
2025-08-23 14:00:00,114864.92,115081.59,114620.0,114621.47,1000.43667
2025-08-23 15:00:00,114621.48,114966.87,114560.0,114812.87,599.77984
2025-08-23 16:00:00,114812.88,115097.92,114684.11,115020.0,448.76533
2025-08-23 17:00:00,115020.0,115167.78,114947.46,115087.97,327.26623
2025-08-23 18:00:00,115087.97,115190.74,115035.11,115145.77,178.18512
2025-08-23 19:00:00,115145.77,115173.86,115051.32,115133.91,151.33399
2025-08-23 20:00:00,115133.92,115325.82,115108.23,115325.81,181.19976
2025-08-23 21:00:00,115325.81,115325.82,115001.88,115028.0,194.43314
2025-08-23 22:00:00,115028.01,115317.86,115028.0,115317.85,117.57565
2025-08-23 23:00:00,115317.86,115454.12,115244.7,115438.05,483.37937
2025-08-24 00:00:00,115438.06,115549.44,115315.33,115375.35,457.40004
2025-08-24 01:00:00,115375.36,115584.09,115196.0,115473.99,655.8074
2025-08-24 02:00:00,115473.99,115666.68,115000.0,115005.15,401.41002
2025-08-24 03:00:00,115005.15,115161.24,114934.21,115036.0,481.30687
2025-08-24 04:00:00,115036.01,115283.21,115036.0,115174.3,345.39663
2025-08-24 05:00:00,115174.3,115206.55,114930.65,114996.01,697.85001
2025-08-24 06:00:00,114996.01,115062.77,114846.14,114862.4,395.26293
2025-08-24 07:00:00,114862.4,115124.86,114855.64,114888.19,277.17773
2025-08-24 08:00:00,114888.19,114979.55,114750.01,114838.02,947.55224
2025-08-24 09:00:00,114838.02,115060.99,114668.0,114841.17,438.90856
2025-08-24 10:00:00,114841.16,114956.66,114600.0,114790.4,479.49962
2025-08-24 11:00:00,114790.4,114889.91,114620.13,114730.22,357.51883
2025-08-24 12:00:00,114730.22,114846.4,114597.55,114673.81,358.78753
2025-08-24 13:00:00,114673.8,114869.41,114555.0,114555.0,620.84833
2025-08-24 14:00:00,114555.0,114657.0,114350.57,114514.05,816.73334
2025-08-24 15:00:00,114514.05,114865.32,114400.0,114400.0,865.64985
2025-08-24 16:00:00,114400.01,114541.93,114255.32,114275.0,786.95266
2025-08-24 17:00:00,114275.0,114578.85,114236.0,114423.42,983.41055
2025-08-24 18:00:00,114423.43,114917.1,114301.22,114626.97,1232.99791
2025-08-24 19:00:00,114626.96,114790.75,110680.0,112600.0,5318.65876
2025-08-24 20:00:00,112600.0,112987.88,111632.85,112770.39,2003.01345
2025-08-24 21:00:00,112770.39,113406.8,112369.16,112988.39,854.85267
2025-08-24 22:00:00,112988.4,113500.0,112614.42,113451.02,755.28007
2025-08-24 23:00:00,113451.02,113692.97,113366.49,113493.59,643.70862
2025-08-25 00:00:00,113493.59,113516.16,112159.0,112645.1,897.58897
2025-08-25 01:00:00,112645.1,113140.06,112615.9,113066.94,541.53145
2025-08-25 02:00:00,113066.95,113640.01,113066.94,113412.36,396.24817
2025-08-25 03:00:00,113412.36,113667.28,112905.16,112916.84,549.60431
2025-08-25 04:00:00,112916.84,113059.52,112611.78,112764.0,622.97182
2025-08-25 05:00:00,112764.01,112863.24,112309.99,112310.0,808.04429
2025-08-25 06:00:00,112310.0,112459.18,111756.6,111929.87,933.19436
2025-08-25 07:00:00,111929.87,112165.19,111284.05,111511.55,1689.81474
2025-08-25 08:00:00,111511.56,111820.53,110991.28,111414.3,1278.94125
2025-08-25 09:00:00,111414.3,111850.13,111259.76,111800.01,626.80974
2025-08-25 10:00:00,111800.0,111806.99,110939.4,110984.03,1416.44599
2025-08-25 11:00:00,110984.04,111279.91,110929.48,111214.97,706.0609
2025-08-25 12:00:00,111214.97,111682.49,111072.0,111586.31,722.92729
2025-08-25 13:00:00,111586.3,111754.82,110588.0,111491.69,1555.34009
2025-08-25 14:00:00,111491.7,112307.69,111326.49,112260.0,1426.03051
2025-08-25 15:00:00,112260.01,112580.0,111828.24,112200.64,889.02271
2025-08-25 16:00:00,112200.65,112937.26,112022.0,112502.43,781.23286
2025-08-25 17:00:00,112502.43,112800.0,112159.0,112431.4,674.4052
2025-08-25 18:00:00,112431.4,112618.89,112250.13,112402.9,310.54741
2025-08-25 19:00:00,112402.9,112430.16,110655.01,110716.13,1343.21864
2025-08-25 20:00:00,110716.13,111092.54,109390.01,109561.96,4098.07281
2025-08-25 21:00:00,109561.96,110280.5,109274.1,109888.01,1595.13661
2025-08-25 22:00:00,109888.01,110599.07,109888.0,110153.23,652.68653
2025-08-25 23:00:00,110153.23,110267.55,109781.61,110111.98,666.91714
2025-08-26 00:00:00,110111.98,110111.98,108854.19,109100.23,2132.52683
2025-08-26 01:00:00,109100.24,109910.68,108666.66,109897.2,1090.85402
2025-08-26 02:00:00,109897.21,110026.14,109505.04,109710.96,531.88497
2025-08-26 03:00:00,109710.96,109927.99,109432.0,109879.56,400.12624
2025-08-26 04:00:00,109879.57,110235.29,109879.57,110100.01,466.51131
2025-08-26 05:00:00,110100.01,110375.58,110084.41,110196.01,359.69829
2025-08-26 06:00:00,110196.0,110342.57,109900.0,109988.18,469.86809
2025-08-26 07:00:00,109988.17,110547.31,109765.93,110303.2,613.97463
2025-08-26 08:00:00,110303.2,110455.13,110000.0,110102.02,448.59912
2025-08-26 09:00:00,110102.02,110413.54,110037.51,110152.89,335.89147
2025-08-26 10:00:00,110152.9,110413.54,110064.12,110216.53,405.76551
2025-08-26 11:00:00,110216.52,110224.09,109570.34,109876.52,661.84556
2025-08-26 12:00:00,109876.53,110818.6,109612.0,110216.81,1094.24871
2025-08-26 13:00:00,110216.81,110265.31,109393.93,110094.66,1207.83119
2025-08-26 14:00:00,110094.66,110552.86,109800.0,110358.13,1124.78296
2025-08-26 15:00:00,110358.13,110561.76,109550.0,109666.33,1132.82225
2025-08-26 16:00:00,109666.34,110153.84,109450.0,110153.84,936.04216
2025-08-26 17:00:00,110153.83,110205.68,109587.42,109988.07,788.03072
2025-08-26 18:00:00,109988.07,110990.05,109966.64,110695.58,721.67701
2025-08-26 19:00:00,110695.58,111162.59,110501.57,111116.03,1102.76066
2025-08-26 20:00:00,111116.03,111380.03,110918.26,111321.58,705.40181
2025-08-26 21:00:00,111321.57,111584.61,111113.67,111584.6,375.99082
2025-08-26 22:00:00,111584.6,111945.69,111557.09,111910.01,610.79197
2025-08-26 23:00:00,111910.0,112371.0,111737.38,111763.22,734.51247
2025-08-27 00:00:00,111763.22,111825.16,111339.22,111356.37,600.11827
2025-08-27 01:00:00,111356.38,111469.07,111092.8,111299.48,488.51561
2025-08-27 02:00:00,111299.48,111480.0,111105.45,111135.37,474.9491
2025-08-27 03:00:00,111135.37,111723.92,110918.26,111418.15,608.69015
2025-08-27 04:00:00,111418.15,111737.26,111403.29,111570.81,422.75409
2025-08-27 05:00:00,111570.81,111685.57,111337.85,111372.18,323.13251
2025-08-27 06:00:00,111372.18,111372.19,111028.02,111040.09,326.53843
2025-08-27 07:00:00,111040.1,111129.94,110622.5,110725.18,737.37791
2025-08-27 08:00:00,110725.19,110837.77,110345.42,110756.01,607.62048
2025-08-27 09:00:00,110756.0,111125.32,110720.06,110810.78,362.97245
2025-08-27 10:00:00,110810.77,111267.7,110810.77,110975.12,336.60819
2025-08-27 11:00:00,110975.12,111374.45,110975.11,111322.07,287.06641
2025-08-27 12:00:00,111322.07,111397.74,111022.78,111344.42,397.11123
2025-08-27 13:00:00,111344.43,111895.25,111019.02,111487.24,851.74843
2025-08-27 14:00:00,111487.24,112625.0,111283.97,111815.94,1276.25098
2025-08-27 15:00:00,111815.94,112084.43,111505.0,112000.0,784.98996
2025-08-27 16:00:00,111999.99,112250.0,111541.23,112121.46,613.40717
2025-08-27 17:00:00,112121.45,112444.1,111897.43,112345.29,386.39727
2025-08-27 18:00:00,112345.3,112600.0,111928.0,111947.21,410.75955
2025-08-27 19:00:00,111947.22,112212.06,111576.24,112080.69,491.86153
2025-08-27 20:00:00,112080.68,112419.09,110921.79,112419.07,1418.31926
2025-08-27 21:00:00,112419.08,112452.05,111368.15,111528.19,454.99512
2025-08-27 22:00:00,111528.19,111610.06,111051.0,111409.54,421.42728
2025-08-27 23:00:00,111409.54,111544.0,111102.28,111262.01,308.99737
2025-08-28 00:00:00,111262.01,111535.09,110862.42,111338.92,402.94473
2025-08-28 01:00:00,111338.93,111714.28,111334.89,111647.7,252.40621
2025-08-28 02:00:00,111647.71,111761.58,111446.07,111500.0,198.00577
2025-08-28 03:00:00,111499.99,112042.04,111408.0,112000.01,350.42111
2025-08-28 04:00:00,112000.0,113082.48,111945.07,112965.9,844.0612
2025-08-28 05:00:00,112965.89,113160.0,112702.13,112853.24,635.30026
2025-08-28 06:00:00,112853.24,113284.41,112716.0,113213.78,337.92035
2025-08-28 07:00:00,113213.79,113360.0,113005.92,113114.11,664.63681
2025-08-28 08:00:00,113114.11,113351.51,113006.66,113128.49,420.29225
2025-08-28 09:00:00,113128.49,113139.8,112850.4,112856.89,355.38489
2025-08-28 10:00:00,112856.89,113127.53,112826.22,113127.53,342.86877
2025-08-28 11:00:00,113127.53,113152.97,112850.0,112909.18,300.49745
2025-08-28 12:00:00,112909.18,113340.01,112781.68,113239.44,542.61317
2025-08-28 13:00:00,113239.44,113485.9,112575.43,112832.0,1179.11716
2025-08-28 14:00:00,112832.75,113300.0,112528.15,113153.06,644.09235
2025-08-28 15:00:00,113153.07,113250.0,112391.56,112678.53,723.11082
2025-08-28 16:00:00,112678.53,113186.56,112329.44,112329.44,566.22384
2025-08-28 17:00:00,112329.44,112617.86,112215.32,112387.99,544.60806
2025-08-28 18:00:00,112388.0,112718.2,112230.76,112373.59,299.78379
2025-08-28 19:00:00,112373.58,112575.84,111901.35,111901.36,402.6813
2025-08-28 20:00:00,111901.36,112111.05,111872.06,111902.49,225.57171
2025-08-28 21:00:00,111902.5,112133.65,111900.0,112025.07,225.0768
2025-08-28 22:00:00,112025.07,112509.33,112025.06,112340.64,326.33504
2025-08-28 23:00:00,112340.64,112575.98,112305.15,112566.9,320.3236
2025-08-29 00:00:00,112566.9,112638.64,112129.13,112200.94,446.62185
2025-08-29 01:00:00,112200.94,112271.38,111425.28,111486.0,719.46398
2025-08-29 02:00:00,111486.0,111770.44,111361.35,111419.98,547.49956
2025-08-29 03:00:00,111419.98,111823.19,111302.27,111704.23,409.42082
2025-08-29 04:00:00,111704.24,111850.56,111420.87,111502.0,396.49962
2025-08-29 05:00:00,111502.01,111583.13,111133.64,111315.42,508.83781
2025-08-29 06:00:00,111315.42,111401.06,110955.41,111279.45,1428.68924
2025-08-29 07:00:00,111279.45,111279.45,109899.99,110019.38,1926.94513
2025-08-29 08:00:00,110019.38,110270.3,109610.0,109628.02,1262.43838
2025-08-29 09:00:00,109628.02,109924.39,109414.18,109772.71,713.11845
2025-08-29 10:00:00,109772.71,110028.0,109750.0,110008.01,414.17589
2025-08-29 11:00:00,110008.0,110161.93,109835.29,110098.81,458.57754
2025-08-29 12:00:00,110098.81,111517.07,110070.73,110728.0,1553.7899
2025-08-29 13:00:00,110728.01,110780.57,108900.0,109106.14,2037.27573
2025-08-29 14:00:00,109106.14,109560.14,108103.0,108198.67,2371.46354
2025-08-29 15:00:00,108198.66,108727.38,108188.39,108386.23,1766.75123
2025-08-29 16:00:00,108386.23,108832.0,108140.0,108705.67,960.99261
2025-08-29 17:00:00,108705.68,108725.5,108155.73,108466.01,529.32413
2025-08-29 18:00:00,108466.01,108500.0,108101.07,108145.4,328.44201
2025-08-29 19:00:00,108145.4,108744.0,107934.24,108212.01,786.88663
2025-08-29 20:00:00,108212.01,108263.02,107506.0,107770.78,1863.41834
2025-08-29 21:00:00,107770.78,108470.75,107463.9,108450.01,644.62367
2025-08-29 22:00:00,108450.0,108480.49,108207.79,108378.97,247.74076
2025-08-29 23:00:00,108378.98,108549.99,108322.79,108377.4,257.31363
2025-08-30 00:00:00,108377.4,108410.73,108139.49,108300.71,612.21355
2025-08-30 01:00:00,108300.7,108350.0,107350.1,107447.97,702.48254
2025-08-30 02:00:00,107447.97,107951.77,107384.0,107782.01,781.27336
2025-08-30 03:00:00,107782.01,108436.21,107769.48,108436.2,1148.16791
2025-08-30 04:00:00,108436.21,108697.28,108372.95,108435.59,1453.52211
2025-08-30 05:00:00,108435.58,108480.71,108129.3,108347.2,569.67263
2025-08-30 06:00:00,108347.2,108554.73,108209.35,108320.0,334.65645
2025-08-30 07:00:00,108320.0,108524.26,108120.0,108524.26,694.47404
2025-08-30 08:00:00,108524.26,108777.43,108488.0,108568.0,287.42447
2025-08-30 09:00:00,108568.0,108604.82,108470.84,108517.63,290.0264
2025-08-30 10:00:00,108517.63,108690.49,108400.0,108425.99,427.7596
2025-08-30 11:00:00,108425.98,108714.35,108422.36,108680.01,411.74343
2025-08-30 12:00:00,108680.01,108680.01,108333.0,108614.86,356.51633
2025-08-30 13:00:00,108614.85,108614.86,108190.52,108531.14,552.78663
2025-08-30 14:00:00,108531.14,108740.16,108408.84,108661.99,285.06574
2025-08-30 15:00:00,108662.0,108926.15,108551.08,108869.98,346.17102
2025-08-30 16:00:00,108869.98,108879.96,108665.63,108815.72,286.49152
2025-08-30 17:00:00,108815.72,108898.17,108625.46,108784.71,163.33936
2025-08-30 18:00:00,108784.71,108839.13,108629.28,108739.72,109.15999
2025-08-30 19:00:00,108739.72,108900.0,108650.0,108828.33,118.59542
2025-08-30 20:00:00,108828.32,108838.27,108580.93,108648.0,168.45642
2025-08-30 21:00:00,108648.0,108682.81,108500.0,108588.67,162.11994
2025-08-30 22:00:00,108588.67,108595.9,108468.77,108531.12,159.37321
2025-08-30 23:00:00,108531.13,108816.34,108530.15,108816.33,286.89952
2025-08-31 00:00:00,108816.33,109400.0,108801.35,109389.08,767.94031
2025-08-31 01:00:00,109389.09,109480.02,109141.6,109429.01,456.69292
2025-08-31 02:00:00,109429.02,109439.54,109171.97,109224.87,227.48673
2025-08-31 03:00:00,109224.88,109378.93,109160.05,109223.84,304.7115
2025-08-31 04:00:00,109223.84,109231.41,108666.93,108816.32,409.65172
2025-08-31 05:00:00,108816.33,108816.33,108572.0,108756.85,297.82501
2025-08-31 06:00:00,108756.85,108778.27,108523.49,108716.65,209.89685
2025-08-31 07:00:00,108716.65,108829.17,108670.0,108708.26,259.88571
2025-08-31 08:00:00,108708.25,109030.51,108708.25,109011.67,217.73644
2025-08-31 09:00:00,109011.67,109100.0,108447.6,108507.68,344.54949
2025-08-31 10:00:00,108507.68,108628.63,108303.21,108560.23,639.93429
2025-08-31 11:00:00,108560.23,108597.19,108323.73,108389.76,388.6744
2025-08-31 12:00:00,108389.77,108486.13,108307.69,108309.2,637.73664
2025-08-31 13:00:00,108309.21,108451.45,108191.29,108418.02,675.04582
2025-08-31 14:00:00,108418.02,108515.68,108255.43,108467.33,482.56215
2025-08-31 15:00:00,108467.32,108858.43,108462.6,108818.69,646.54444
2025-08-31 16:00:00,108818.69,108978.0,108555.0,108922.79,566.18074
2025-08-31 17:00:00,108922.79,108993.88,108852.89,108993.87,242.1119
2025-08-31 18:00:00,108993.88,109237.51,108927.5,109146.62,264.16429
2025-08-31 19:00:00,109146.62,109167.84,108916.28,108930.0,160.04622
2025-08-31 20:00:00,108930.0,109118.0,108880.0,109117.99,190.53944
2025-08-31 21:00:00,109118.0,109118.0,108957.12,109037.29,156.22084
2025-08-31 22:00:00,109037.3,109230.0,108758.37,108900.46,245.89578
2025-08-31 23:00:00,108900.45,108917.36,108076.93,108246.35,697.48233
2025-09-01 00:00:00,108246.36,108406.18,107631.68,108222.37,1078.8221
2025-09-01 01:00:00,108222.37,108482.98,107968.09,108150.24,471.21562
2025-09-01 02:00:00,108150.24,108197.67,107425.42,107617.05,869.81682
2025-09-01 03:00:00,107617.05,107769.94,107393.0,107660.01,786.48643
2025-09-01 04:00:00,107660.0,107759.99,107279.51,107409.1,645.82838
2025-09-01 05:00:00,107409.09,107987.4,107255.0,107866.12,547.79285
2025-09-01 06:00:00,107866.13,108128.0,107594.42,108064.75,384.59049
2025-09-01 07:00:00,108064.76,109432.99,107984.79,109432.99,1325.96108
2025-09-01 08:00:00,109432.99,109820.02,109424.0,109590.0,1103.75653
2025-09-01 09:00:00,109590.0,109912.4,109485.57,109524.12,513.50327
2025-09-01 10:00:00,109524.13,109535.32,108186.41,108571.41,948.82778
2025-09-01 11:00:00,108571.42,108857.35,108464.0,108782.88,545.20367
2025-09-01 12:00:00,108782.89,109165.47,108635.39,109108.27,636.3452
2025-09-01 13:00:00,109108.27,109520.0,108936.44,109023.61,725.12306
2025-09-01 14:00:00,109023.61,109332.28,108824.82,109146.6,490.85432
2025-09-01 15:00:00,109146.59,109373.1,108566.0,108784.33,414.02255
2025-09-01 16:00:00,108784.33,109096.0,108653.09,108774.23,374.40601
2025-09-01 17:00:00,108774.23,108953.82,108391.3,108927.61,570.88854
2025-09-01 18:00:00,108927.61,109267.22,108921.17,109240.0,346.10668
2025-09-01 19:00:00,109240.0,109329.65,109160.27,109217.64,261.74926
2025-09-01 20:00:00,109217.65,109217.65,108284.0,108877.38,873.53022
2025-09-01 21:00:00,108877.39,108939.42,107459.49,107800.8,917.91242
2025-09-01 22:00:00,107800.8,108500.04,107588.01,108444.96,517.76894
2025-09-01 23:00:00,108444.96,109442.95,108428.45,109237.42,703.08997
2025-09-02 00:00:00,109237.43,109337.64,108883.8,109040.36,552.10707
2025-09-02 01:00:00,109040.36,109611.11,108993.0,109313.0,616.57671
2025-09-02 02:00:00,109313.0,110272.06,109171.78,110246.01,1081.14032
2025-09-02 03:00:00,110246.0,110623.97,110060.12,110322.18,916.19598
2025-09-02 04:00:00,110322.19,110420.0,110143.62,110310.56,492.48149
2025-09-02 05:00:00,110310.56,110337.06,110045.01,110209.32,359.35463
2025-09-02 06:00:00,110209.33,110610.5,110173.96,110376.63,596.39606
2025-09-02 07:00:00,110376.63,110400.0,110000.0,110233.92,504.4839
2025-09-02 08:00:00,110233.91,110711.1,110052.27,110360.0,557.03627
2025-09-02 09:00:00,110360.01,110699.58,110256.94,110450.56,476.55196
2025-09-02 10:00:00,110450.56,110477.85,110128.13,110246.0,410.87869
2025-09-02 11:00:00,110246.0,110255.17,109563.87,109733.34,1017.54899
2025-09-02 12:00:00,109733.33,109836.34,108393.39,108795.99,1297.32717
2025-09-02 13:00:00,108796.0,111275.93,108733.88,111149.99,2481.2087
2025-09-02 14:00:00,111149.99,111771.52,110780.61,111360.01,1925.30316
2025-09-02 15:00:00,111360.0,111540.3,110628.85,110829.17,1065.05414
2025-09-02 16:00:00,110829.16,111119.58,110469.7,110785.85,928.68032
2025-09-02 17:00:00,110785.85,111050.0,110628.85,110914.0,702.01172
2025-09-02 18:00:00,110914.01,110945.3,110200.0,110646.47,506.68111
2025-09-02 19:00:00,110646.47,110840.0,110441.42,110806.0,447.85722
2025-09-02 20:00:00,110806.01,111419.18,110716.77,111418.49,585.42846
2025-09-02 21:00:00,111418.49,111538.17,111129.57,111129.57,356.26128
2025-09-02 22:00:00,111129.58,111260.0,110870.27,111259.99,374.87092
2025-09-02 23:00:00,111260.0,111271.13,111017.79,111240.01,258.85129
2025-09-03 00:00:00,111240.01,111782.21,111240.01,111339.98,992.20281
2025-09-03 01:00:00,111339.98,111404.77,110901.06,111176.94,454.81663
2025-09-03 02:00:00,111176.93,111484.05,111029.43,111372.0,424.89931
2025-09-03 03:00:00,111372.0,111411.24,110892.14,111054.01,391.69818
2025-09-03 04:00:00,111054.0,111151.99,110836.48,111020.68,269.26802
2025-09-03 05:00:00,111020.68,111069.48,110666.0,110685.57,327.14961
2025-09-03 06:00:00,110685.57,110879.89,110549.8,110724.0,505.96638
2025-09-03 07:00:00,110724.0,111111.11,110528.71,111099.88,437.31572
2025-09-03 08:00:00,111099.87,111279.48,110974.0,111019.99,365.12571
2025-09-03 09:00:00,111019.99,111324.0,110889.29,111312.28,314.98009
2025-09-03 10:00:00,111312.28,111491.74,111170.06,111449.99,377.12634
2025-09-03 11:00:00,111450.0,111708.0,111388.24,111437.77,457.60494
2025-09-03 12:00:00,111437.77,111858.57,111031.61,111112.0,440.11635
2025-09-03 13:00:00,111112.0,111920.7,111065.56,111475.07,862.5714
2025-09-03 14:00:00,111475.08,112500.0,111118.43,112261.37,1480.6438
2025-09-03 15:00:00,112261.37,112376.7,111910.24,112222.74,766.67332
2025-09-03 16:00:00,112222.73,112336.0,111686.24,111858.66,604.19676
2025-09-03 17:00:00,111858.65,112575.27,111858.65,112312.64,574.69857
2025-09-03 18:00:00,112312.64,112516.35,111800.0,112000.0,465.80305
2025-09-03 19:00:00,112000.0,112252.33,111781.63,112193.74,312.61035
2025-09-03 20:00:00,112193.74,112250.0,112052.1,112211.31,229.15863
2025-09-03 21:00:00,112211.3,112250.0,111759.5,111989.67,182.28806
2025-09-03 22:00:00,111989.68,112150.0,111839.86,111947.48,177.73464
2025-09-03 23:00:00,111947.47,111980.0,111613.98,111705.71,359.07217
2025-09-04 00:00:00,111705.72,112180.0,111619.86,112065.61,343.42623
2025-09-04 01:00:00,112065.6,112080.0,111641.63,111947.48,251.77157
2025-09-04 02:00:00,111947.48,111980.01,111406.79,111450.15,359.69532
2025-09-04 03:00:00,111450.16,111728.57,111136.0,111148.97,529.86591
2025-09-04 04:00:00,111148.97,111318.84,110917.45,110917.45,332.73027
2025-09-04 05:00:00,110917.46,110922.4,110569.36,110653.07,1163.68375
2025-09-04 06:00:00,110653.08,110729.0,110279.68,110393.95,439.75314
2025-09-04 07:00:00,110393.95,110642.19,110343.72,110463.36,357.56088
2025-09-04 08:00:00,110463.36,110858.6,110415.72,110640.97,335.90557
2025-09-04 09:00:00,110640.96,110856.63,110640.96,110815.04,215.23378
2025-09-04 10:00:00,110815.05,111154.93,110628.85,110628.86,318.57504
2025-09-04 11:00:00,110628.86,111054.69,110546.48,110810.0,381.28687
2025-09-04 12:00:00,110810.0,111123.99,110532.73,110933.94,432.19177
2025-09-04 13:00:00,110933.94,110970.0,110217.13,110464.0,602.3513
2025-09-04 14:00:00,110463.99,110523.98,109705.48,109842.01,1107.22942
2025-09-04 15:00:00,109842.01,109862.94,109329.12,109510.31,916.17813
2025-09-04 16:00:00,109510.32,109688.0,109363.26,109438.34,640.73994
2025-09-04 17:00:00,109438.35,109914.01,109428.98,109786.48,495.50168
2025-09-04 18:00:00,109786.48,110218.39,109699.15,109977.0,620.57193
2025-09-04 19:00:00,109977.0,110113.19,109713.31,109799.99,367.8214
2025-09-04 20:00:00,109800.0,110409.46,109755.59,110408.02,396.63364
2025-09-04 21:00:00,110408.01,110545.44,110328.96,110500.0,176.70046
2025-09-04 22:00:00,110500.01,111588.66,110484.95,111490.73,669.83836
2025-09-04 23:00:00,111490.74,111765.31,110605.72,110730.87,747.889
2025-09-05 00:00:00,110730.87,110929.3,110435.75,110451.62,457.22173
2025-09-05 01:00:00,110451.63,111136.0,110451.63,111121.51,336.74632
2025-09-05 02:00:00,111121.51,111482.09,111040.79,111340.65,606.85268
2025-09-05 03:00:00,111340.64,111340.65,111096.67,111311.77,264.75507
2025-09-05 04:00:00,111311.78,111468.2,111144.51,111445.0,785.66095
2025-09-05 05:00:00,111445.0,111710.49,111407.57,111574.5,365.92368
2025-09-05 06:00:00,111574.51,111914.53,111501.94,111911.99,435.99084
2025-09-05 07:00:00,111912.0,112999.0,111883.49,112954.32,1893.59984
2025-09-05 08:00:00,112954.32,112985.0,112605.37,112618.51,612.5461
2025-09-05 09:00:00,112618.51,112619.98,112131.02,112303.87,672.38321
2025-09-05 10:00:00,112303.87,112571.9,112191.4,112256.36,401.39645
2025-09-05 11:00:00,112256.36,112439.36,112138.15,112354.0,270.50308
2025-09-05 12:00:00,112354.0,113384.62,112040.0,113214.78,2902.04978
2025-09-05 13:00:00,113214.78,113310.01,112706.71,113084.16,2093.90932
2025-09-05 14:00:00,113084.16,113084.16,110487.65,110569.99,3593.87866
2025-09-05 15:00:00,110569.99,111017.8,110286.91,110716.82,1216.05211
2025-09-05 16:00:00,110716.82,110929.3,110537.99,110815.4,450.76892
2025-09-05 17:00:00,110815.4,110815.4,110206.96,110608.18,561.64147
2025-09-05 18:00:00,110608.19,111285.35,110569.43,111198.78,518.32708
2025-09-05 19:00:00,111198.77,111627.51,111125.8,111614.54,636.35672
2025-09-05 20:00:00,111614.54,111679.79,111299.98,111630.3,588.97794
2025-09-05 21:00:00,111630.31,111700.0,110375.6,110605.01,1465.95586
2025-09-05 22:00:00,110605.01,110917.46,110500.0,110800.0,278.07558
2025-09-05 23:00:00,110800.01,110859.49,110594.79,110659.99,177.83549
2025-09-06 00:00:00,110660.0,110833.32,110552.56,110779.7,235.00101
2025-09-06 01:00:00,110779.7,110917.46,110744.08,110867.7,186.31454
2025-09-06 02:00:00,110867.71,111216.25,110733.11,111216.15,184.10167
2025-09-06 03:00:00,111216.14,111307.7,111000.12,111082.22,194.76496
2025-09-06 04:00:00,111082.23,111082.23,110783.7,110876.12,353.6322
2025-09-06 05:00:00,110876.12,110876.13,110687.69,110714.0,151.66886
2025-09-06 06:00:00,110714.0,110817.11,110714.0,110752.83,96.24087
2025-09-06 07:00:00,110752.84,110829.15,110750.64,110825.6,86.44213
2025-09-06 08:00:00,110825.59,110968.0,110774.46,110952.76,91.10955
2025-09-06 09:00:00,110952.77,110952.77,110693.86,110695.06,193.74674
2025-09-06 10:00:00,110695.06,110804.62,110677.3,110773.62,157.49749
2025-09-06 11:00:00,110773.62,110868.8,110675.58,110781.02,179.54833
2025-09-06 12:00:00,110781.03,110898.7,110753.97,110832.58,158.76991
2025-09-06 13:00:00,110832.59,110947.91,110822.0,110936.82,154.65819
2025-09-06 14:00:00,110936.82,110999.83,110781.96,110807.77,144.7163
2025-09-06 15:00:00,110807.78,110840.0,110358.11,110384.15,427.86502
2025-09-06 16:00:00,110384.16,110402.0,109977.0,110267.99,876.95944
2025-09-06 17:00:00,110267.99,110275.5,110000.0,110157.41,202.2087
2025-09-06 18:00:00,110157.41,110285.65,110056.29,110228.0,160.96245
2025-09-06 19:00:00,110228.01,110260.0,110000.0,110038.41,151.53
2025-09-06 20:00:00,110038.42,110167.01,110034.44,110167.0,140.0902
2025-09-06 21:00:00,110167.01,110215.03,110093.14,110201.0,168.43512
2025-09-06 22:00:00,110200.99,110238.12,110074.95,110170.55,159.17265
2025-09-06 23:00:00,110170.54,110282.82,110113.96,110187.97,144.86264
2025-09-07 00:00:00,110187.98,110367.37,110180.0,110356.75,274.12078
2025-09-07 01:00:00,110356.74,110587.86,110332.81,110546.66,251.76683
2025-09-07 02:00:00,110546.66,110692.52,110444.43,110666.24,231.20078
2025-09-07 03:00:00,110666.24,110733.12,110596.71,110629.15,191.54953
2025-09-07 04:00:00,110629.15,110638.0,110489.96,110557.76,140.43398
2025-09-07 05:00:00,110557.77,110699.0,110557.76,110649.44,163.57402
2025-09-07 06:00:00,110649.45,110665.35,110472.33,110504.15,195.71662
2025-09-07 07:00:00,110504.14,110911.42,110463.1,110753.42,373.02249
2025-09-07 08:00:00,110753.41,111377.19,110720.01,111071.25,524.25884
2025-09-07 09:00:00,111071.25,111248.2,110876.88,111115.98,305.63775
2025-09-07 10:00:00,111115.99,111237.97,111041.87,111225.02,152.81384
2025-09-07 11:00:00,111225.03,111292.13,111189.75,111292.13,231.70263
2025-09-07 12:00:00,111292.12,111292.13,111073.17,111115.92,171.8987
2025-09-07 13:00:00,111115.92,111231.6,111042.6,111214.62,159.77105
2025-09-07 14:00:00,111214.63,111412.0,111059.57,111145.59,337.64277
2025-09-07 15:00:00,111145.59,111373.43,111120.56,111329.99,168.21133
2025-09-07 16:00:00,111329.99,111371.35,111152.15,111202.02,223.90897
2025-09-07 17:00:00,111202.02,111237.86,110888.07,110962.83,326.82203
2025-09-07 18:00:00,110962.84,111063.0,110861.2,111053.76,219.80123
2025-09-07 19:00:00,111053.77,111293.99,111049.05,111259.99,169.95303
2025-09-07 20:00:00,111259.99,111371.26,111147.25,111330.3,178.99404
2025-09-07 21:00:00,111330.31,111330.31,111050.14,111050.14,82.99122
2025-09-07 22:00:00,111050.14,111364.4,111001.45,111250.01,270.95197
2025-09-07 23:00:00,111250.01,111600.0,111076.92,111137.34,334.55501
2025-09-08 00:00:00,111137.35,111293.26,110733.71,110837.96,553.54548
2025-09-08 01:00:00,110837.95,110994.58,110731.71,110890.57,352.25138
2025-09-08 02:00:00,110890.58,111372.0,110621.78,111240.0,364.1088
2025-09-08 03:00:00,111239.99,111349.24,111026.91,111052.11,431.56519
2025-09-08 04:00:00,111052.11,111218.49,110929.3,110979.35,318.48361
2025-09-08 05:00:00,110979.35,111061.05,110899.69,111027.16,189.25665
2025-09-08 06:00:00,111027.15,111197.86,110917.45,111113.26,156.58167
2025-09-08 07:00:00,111113.26,111609.04,111113.25,111280.39,665.8032
2025-09-08 08:00:00,111280.4,111910.48,111252.9,111684.25,867.092
2025-09-08 09:00:00,111684.26,112095.0,111591.06,112094.99,695.25367
2025-09-08 10:00:00,112094.99,112186.98,111920.89,112048.0,648.82485
2025-09-08 11:00:00,112048.0,112121.59,111754.31,112052.43,512.51734
2025-09-08 12:00:00,112052.43,112153.9,111934.24,112034.51,293.01193
2025-09-08 13:00:00,112034.5,112370.3,111877.64,111906.55,1120.28751
2025-09-08 14:00:00,111906.56,112779.5,111888.0,112645.05,989.95574
2025-09-08 15:00:00,112645.06,112924.37,112526.61,112631.75,614.9683
2025-09-08 16:00:00,112631.74,112670.06,112293.18,112398.0,493.93324
2025-09-08 17:00:00,112398.01,112531.6,112075.2,112214.4,461.27895
2025-09-08 18:00:00,112214.41,112515.59,112184.97,112477.01,296.32443
2025-09-08 19:00:00,112477.01,112477.01,111978.67,112097.31,430.27796
2025-09-08 20:00:00,112097.31,112153.07,111896.0,111958.04,288.87626
2025-09-08 21:00:00,111958.04,112331.32,111930.73,112326.45,273.5437
2025-09-08 22:00:00,112326.45,112512.71,112210.91,112236.71,274.21823
2025-09-08 23:00:00,112236.71,112305.03,111989.0,112065.23,290.44202
2025-09-09 00:00:00,112065.23,112104.41,111459.87,111650.03,720.48199
2025-09-09 01:00:00,111650.03,111748.54,111258.3,111364.73,520.52157
2025-09-09 02:00:00,111364.73,111442.95,111111.0,111330.71,536.02045
2025-09-09 03:00:00,111330.72,111740.61,111234.16,111708.0,314.74637
2025-09-09 04:00:00,111708.01,112110.99,111624.12,112024.01,548.42419
2025-09-09 05:00:00,112024.01,112248.84,111851.52,112200.0,298.70562
2025-09-09 06:00:00,112200.01,113156.65,112151.16,113022.61,1080.72151
2025-09-09 07:00:00,113022.62,113293.29,112753.61,112991.11,978.74308
2025-09-09 08:00:00,112991.11,113176.51,112886.93,112992.69,524.35168
2025-09-09 09:00:00,112992.69,113057.99,112900.0,112966.54,367.43684
2025-09-09 10:00:00,112966.54,113040.0,112635.38,112732.62,631.93421
2025-09-09 11:00:00,112732.62,112800.0,112403.91,112433.59,325.19749
2025-09-09 12:00:00,112433.59,112824.0,112393.4,112671.76,397.08345
2025-09-09 13:00:00,112671.76,112932.18,112470.18,112760.58,656.61339
2025-09-09 14:00:00,112760.58,112950.0,111511.11,111767.45,1958.50565
2025-09-09 15:00:00,111767.45,111847.23,110766.66,110880.76,1649.92992
2025-09-09 16:00:00,110880.76,111148.17,110788.0,110975.99,808.62492
2025-09-09 17:00:00,110975.99,111193.39,110898.28,111025.44,539.75817
2025-09-09 18:00:00,111025.43,111298.16,110900.02,111131.92,495.6204
2025-09-09 19:00:00,111131.92,111388.04,111124.17,111301.53,277.49178
2025-09-09 20:00:00,111301.53,111530.16,111090.07,111530.16,761.02989
2025-09-09 21:00:00,111530.15,111745.69,111270.75,111299.61,463.86358
2025-09-09 22:00:00,111299.61,111630.31,111266.11,111556.16,207.57487
2025-09-09 23:00:00,111556.15,111583.81,111362.94,111546.39,315.90146
2025-09-10 00:00:00,111546.38,111572.57,110942.33,111010.46,490.88671
2025-09-10 01:00:00,111010.47,111224.53,110917.45,111005.64,419.72999
2025-09-10 02:00:00,111005.63,111551.04,111005.63,111411.13,492.50873
2025-09-10 03:00:00,111411.13,111586.26,111372.08,111545.88,263.91729
2025-09-10 04:00:00,111545.88,111647.38,111410.83,111520.43,304.12835
2025-09-10 05:00:00,111520.43,111729.65,111372.42,111577.31,436.99878
2025-09-10 06:00:00,111577.31,111969.57,111396.08,111792.33,503.80753
2025-09-10 07:00:00,111792.34,112602.35,111760.69,112553.65,1232.32394
2025-09-10 08:00:00,112553.65,112859.8,112336.28,112370.08,1005.38091
2025-09-10 09:00:00,112370.07,112428.29,112097.2,112274.29,619.63175
2025-09-10 10:00:00,112274.29,112422.63,112199.19,112270.01,532.10538
2025-09-10 11:00:00,112270.0,112409.49,112148.49,112299.99,422.47932
2025-09-10 12:00:00,112300.0,113550.14,112299.99,113413.51,2800.76749
2025-09-10 13:00:00,113413.5,114313.13,113384.61,113952.0,2112.22655
2025-09-10 14:00:00,113951.99,114295.63,113802.14,113899.99,1035.28455
2025-09-10 15:00:00,113900.0,114095.66,113723.21,113853.99,682.44215
2025-09-10 16:00:00,113853.99,113936.99,113553.74,113759.89,577.39326
2025-09-10 17:00:00,113759.88,114074.46,113415.2,113738.01,617.65367
2025-09-10 18:00:00,113738.01,113896.94,113347.39,113584.85,688.96812
2025-09-10 19:00:00,113584.84,113617.09,113155.03,113574.52,744.45366
2025-09-10 20:00:00,113574.53,113900.0,113553.26,113566.39,611.07657
2025-09-10 21:00:00,113566.4,113845.18,113528.01,113842.53,256.17247
2025-09-10 22:00:00,113842.54,113992.39,113713.63,113881.2,264.24584
2025-09-10 23:00:00,113881.21,114025.78,113788.0,113960.0,402.83522
2025-09-11 00:00:00,113960.0,114008.87,113669.82,113885.7,432.5735
2025-09-11 01:00:00,113885.7,114176.66,113831.33,113903.23,380.8102
2025-09-11 02:00:00,113903.23,113953.99,113716.0,113819.02,230.50973
2025-09-11 03:00:00,113819.02,114434.23,113819.01,114400.01,552.73536
2025-09-11 04:00:00,114400.01,114400.01,114071.81,114158.29,489.3063
2025-09-11 05:00:00,114158.29,114348.52,113966.46,114266.0,589.97492
2025-09-11 06:00:00,114266.0,114459.65,114076.92,114324.64,409.80916
2025-09-11 07:00:00,114324.65,114326.52,113957.2,114083.58,465.05247
2025-09-11 08:00:00,114083.58,114200.0,113972.0,114049.39,307.55276
2025-09-11 09:00:00,114049.39,114075.11,113776.0,113895.29,430.23419
2025-09-11 10:00:00,113895.3,114119.4,113891.45,114062.32,373.92428
2025-09-11 11:00:00,114062.31,114112.0,113887.98,113999.99,400.8921
2025-09-11 12:00:00,113999.99,114500.0,113500.0,113975.99,2372.1547
2025-09-11 13:00:00,113975.99,114715.02,113430.0,114628.08,1458.85001
2025-09-11 14:00:00,114630.06,114667.45,113927.6,114463.73,759.30317
2025-09-11 15:00:00,114463.73,114699.25,113996.19,114180.31,553.38549
2025-09-11 16:00:00,114180.32,114588.98,114180.31,114487.53,300.34694
2025-09-11 17:00:00,114487.53,114593.29,114328.52,114589.84,372.57383
2025-09-11 18:00:00,114589.84,114605.54,114102.0,114312.35,416.47348
2025-09-11 19:00:00,114312.35,114525.0,114182.04,114419.99,348.31986
2025-09-11 20:00:00,114420.0,114487.53,114246.04,114395.99,308.36329
2025-09-11 21:00:00,114395.98,114517.6,114395.98,114482.69,190.78211
2025-09-11 22:00:00,114482.7,115266.45,114435.63,115084.0,1104.63013
2025-09-11 23:00:00,115084.01,115488.09,115084.0,115482.69,428.17321
2025-09-12 00:00:00,115482.69,116331.81,115420.87,115840.69,1835.12528
2025-09-12 01:00:00,115840.69,116016.91,115371.13,115377.29,774.94414
2025-09-12 02:00:00,115377.29,115663.05,115256.64,115391.0,535.95115
2025-09-12 03:00:00,115391.0,115429.46,115045.45,115194.14,556.98098
2025-09-12 04:00:00,115194.14,115509.65,115086.82,115359.99,435.01083
2025-09-12 05:00:00,115360.0,115656.87,115320.27,115612.84,397.97519
2025-09-12 06:00:00,115612.84,115612.85,115260.38,115318.0,301.68688
2025-09-12 07:00:00,115318.01,115405.79,115086.7,115086.7,495.74469
2025-09-12 08:00:00,115086.7,115273.12,114950.0,115048.0,931.11012
2025-09-12 09:00:00,115047.99,115127.05,114888.01,115048.01,372.62834
2025-09-12 10:00:00,115048.0,115093.49,114926.42,114980.85,227.81735
2025-09-12 11:00:00,114980.84,115148.0,114901.03,114913.45,427.23394
2025-09-12 12:00:00,114913.45,115172.57,114740.99,115083.97,620.574
2025-09-12 13:00:00,115083.98,115214.29,114822.77,115166.45,371.74126
2025-09-12 14:00:00,115166.46,115500.95,114865.3,115260.0,719.98267
2025-09-12 15:00:00,115260.0,115294.1,114939.53,115121.18,329.84108
2025-09-12 16:00:00,115121.18,115514.77,115030.3,115495.56,536.60395
2025-09-12 17:00:00,115495.56,115939.39,115395.66,115815.16,944.1093
2025-09-12 18:00:00,115815.16,116495.0,115769.88,116486.18,1014.39133
2025-09-12 19:00:00,116486.19,116665.63,116238.64,116632.51,1368.73979
2025-09-12 20:00:00,116632.51,116632.51,115974.0,116157.33,898.27059
2025-09-12 21:00:00,116157.34,116157.34,115752.68,115865.89,385.45605
2025-09-12 22:00:00,115865.89,116360.43,115865.89,116027.46,494.01734
2025-09-12 23:00:00,116027.46,116161.37,115929.06,116029.42,348.17094
2025-09-13 00:00:00,116029.41,116298.78,115959.59,116209.32,476.47907
2025-09-13 01:00:00,116209.32,116275.81,115576.26,115764.3,632.36146
2025-09-13 02:00:00,115764.3,115991.29,115686.47,115886.17,322.19761
2025-09-13 03:00:00,115886.16,116012.91,115837.98,115957.0,823.27412
2025-09-13 04:00:00,115957.0,115957.01,115685.6,115698.4,314.62389
2025-09-13 05:00:00,115698.4,115845.46,115657.81,115704.04,253.6123
2025-09-13 06:00:00,115704.03,115802.16,115662.2,115749.99,251.18163
2025-09-13 07:00:00,115750.0,115855.89,115702.39,115778.71,242.78688
2025-09-13 08:00:00,115778.72,116056.17,115767.33,115978.01,351.87471
2025-09-13 09:00:00,115978.01,116038.14,115871.26,116035.33,294.98775
2025-09-13 10:00:00,116035.32,116166.71,115916.41,115937.99,318.28855
2025-09-13 11:00:00,115937.99,116005.82,115888.0,115974.11,263.75402
2025-09-13 12:00:00,115974.11,116060.0,115872.82,116002.91,204.03439
2025-09-13 13:00:00,116002.91,116002.91,115621.65,115761.05,440.12472
2025-09-13 14:00:00,115761.06,115950.0,115603.98,115797.68,438.72685
2025-09-13 15:00:00,115797.67,115924.6,115619.57,115768.68,290.44971
2025-09-13 16:00:00,115768.68,115817.37,115127.27,115334.0,700.8183
2025-09-13 17:00:00,115333.99,115587.49,115180.0,115571.78,465.25625
2025-09-13 18:00:00,115571.79,115653.26,115433.09,115633.92,160.49564
2025-09-13 19:00:00,115633.91,115800.88,115570.78,115797.12,263.39165
2025-09-13 20:00:00,115797.12,115991.29,115797.11,115905.88,220.70474
2025-09-13 21:00:00,115905.88,115972.52,115839.98,115895.39,234.38734
2025-09-13 22:00:00,115895.4,115944.64,115809.9,115871.58,159.45156
2025-09-13 23:00:00,115871.58,115979.99,115861.39,115918.29,146.1408
2025-09-14 00:00:00,115918.29,116000.0,115815.13,115935.6,153.28277
2025-09-14 01:00:00,115935.61,115990.2,115744.67,115962.93,185.94891
2025-09-14 02:00:00,115962.92,116109.0,115750.0,115852.95,267.49819
2025-09-14 03:00:00,115852.95,115869.99,115651.99,115679.98,272.91216
2025-09-14 04:00:00,115679.99,115768.0,115449.59,115750.99,247.86689
2025-09-14 05:00:00,115751.0,115924.69,115735.58,115860.01,258.07375
2025-09-14 06:00:00,115860.01,115936.0,115693.95,115734.23,196.84102
2025-09-14 07:00:00,115734.24,115838.41,115734.23,115805.39,212.00183
2025-09-14 08:00:00,115805.39,115983.02,115759.44,115933.4,137.30583
2025-09-14 09:00:00,115933.4,116165.19,115905.88,116052.09,271.65824
2025-09-14 10:00:00,116052.1,116132.85,115955.57,116027.26,156.38468
2025-09-14 11:00:00,116027.25,116100.0,115748.78,115794.91,275.05839
2025-09-14 12:00:00,115794.92,115878.49,115662.62,115776.31,316.9787
2025-09-14 13:00:00,115776.31,115776.32,115217.01,115348.1,617.50773
2025-09-14 14:00:00,115348.1,115691.04,115141.8,115401.75,750.31099
2025-09-14 15:00:00,115401.75,115419.1,115200.4,115224.01,351.71527
2025-09-14 16:00:00,115224.01,115540.0,115193.9,115480.0,284.25459
2025-09-14 17:00:00,115480.0,115657.5,115413.46,115557.65,290.60711
2025-09-14 18:00:00,115557.65,115557.66,115375.05,115388.21,161.60603
2025-09-14 19:00:00,115388.21,115635.0,115330.99,115634.99,132.66154
2025-09-14 20:00:00,115634.99,115851.26,115634.99,115802.16,116.11592
2025-09-14 21:00:00,115802.16,116087.35,115607.99,116058.88,349.40859
2025-09-14 22:00:00,116059.48,116076.89,115810.22,116009.61,262.34337
2025-09-14 23:00:00,116009.62,116009.62,115135.0,115268.01,439.25947
2025-09-15 00:00:00,115268.01,115276.49,114972.29,115071.32,521.11024
2025-09-15 01:00:00,115071.32,115283.5,114825.0,115231.69,362.37165
2025-09-15 02:00:00,115231.69,115443.29,115214.55,115362.35,184.52455
2025-09-15 03:00:00,115362.35,115594.9,115347.91,115445.45,223.493
2025-09-15 04:00:00,115445.46,116168.26,115400.0,116058.01,698.45937
2025-09-15 05:00:00,116058.01,116583.47,116019.05,116520.0,781.40763
2025-09-15 06:00:00,116519.13,116757.99,116043.01,116129.99,559.85108
2025-09-15 07:00:00,116130.0,116400.0,115626.96,115806.62,605.7335
2025-09-15 08:00:00,115806.62,115806.62,114709.18,114737.27,1325.86164
2025-09-15 09:00:00,114737.28,115188.0,114625.87,114868.59,1072.97754
2025-09-15 10:00:00,114868.6,114954.83,114720.69,114769.04,532.63649
2025-09-15 11:00:00,114769.03,115195.86,114740.97,115070.0,565.80309
2025-09-15 12:00:00,115070.01,115074.51,114671.75,114721.04,599.02223
2025-09-15 13:00:00,114721.03,115099.0,114384.0,114664.08,1056.42151
2025-09-15 14:00:00,114664.07,115029.81,114450.28,114679.56,775.27929
2025-09-15 15:00:00,114679.55,114909.4,114404.43,114842.9,564.69333
2025-09-15 16:00:00,114842.9,114922.59,114600.0,114662.57,364.30154
2025-09-15 17:00:00,114662.58,115130.0,114600.0,115120.03,284.01648
2025-09-15 18:00:00,115120.02,115360.54,114904.16,115307.79,538.96072
2025-09-15 19:00:00,115307.79,115570.0,114975.66,115307.78,685.41151
2025-09-15 20:00:00,115307.78,115515.41,115200.07,115379.99,325.59706
2025-09-15 21:00:00,115380.0,115538.55,115283.49,115528.0,170.93694
2025-09-15 22:00:00,115528.0,115605.07,115221.68,115288.01,235.69782
2025-09-15 23:00:00,115288.01,115476.0,115232.58,115349.71,177.94328
2025-09-16 00:00:00,115349.71,115349.71,114945.01,115088.66,244.26086
2025-09-16 01:00:00,115088.66,115520.0,115008.69,115024.24,232.3498
2025-09-16 02:00:00,115024.24,115227.51,115024.23,115034.47,151.83383
2025-09-16 03:00:00,115034.48,115426.49,115034.44,115307.25,236.03187
2025-09-16 04:00:00,115307.26,115560.01,114930.0,115503.01,446.01382
2025-09-16 05:00:00,115503.02,115957.23,115454.3,115936.65,685.43114
2025-09-16 06:00:00,115936.65,116009.62,115591.57,115770.35,449.53079
2025-09-16 07:00:00,115770.36,115886.17,115724.41,115840.0,319.02367
2025-09-16 08:00:00,115839.99,115981.17,115526.5,115658.76,463.00777
2025-09-16 09:00:00,115658.76,115720.0,115443.65,115477.27,286.71309
2025-09-16 10:00:00,115477.28,115590.49,115372.35,115372.46,292.6133
2025-09-16 11:00:00,115372.47,115431.52,115206.15,115287.83,303.19825
2025-09-16 12:00:00,115287.84,115460.2,115287.38,115439.36,296.84884
2025-09-16 13:00:00,115439.36,115558.06,114737.11,115200.0,1064.59506
2025-09-16 14:00:00,115200.0,115306.71,114811.0,115296.86,607.41382
2025-09-16 15:00:00,115296.86,115905.89,115010.66,115905.88,653.80057
2025-09-16 16:00:00,115905.88,116068.92,115608.28,116068.06,691.27604
2025-09-16 17:00:00,116068.05,116870.76,116056.99,116461.54,1252.39334
2025-09-16 18:00:00,116461.55,116776.66,116226.12,116418.86,486.09455
2025-09-16 19:00:00,116418.87,116820.0,116395.6,116800.12,525.61626
2025-09-16 20:00:00,116800.13,116908.83,116722.56,116839.47,367.21592
2025-09-16 21:00:00,116839.47,116940.26,116584.45,116800.51,295.98351
2025-09-16 22:00:00,116800.51,116964.27,116694.73,116855.58,312.66858
2025-09-16 23:00:00,116855.58,116920.46,116632.0,116788.96,262.99472
2025-09-17 00:00:00,116788.96,116832.0,116560.0,116560.01,269.7236
2025-09-17 01:00:00,116560.01,116768.0,116516.92,116662.25,267.74519
2025-09-17 02:00:00,116662.25,117077.16,116556.52,116686.43,742.4537
2025-09-17 03:00:00,116686.43,116758.83,116371.81,116372.04,377.8305
2025-09-17 04:00:00,116372.05,116480.01,116160.22,116313.49,262.15716
2025-09-17 05:00:00,116313.5,117214.0,116313.49,117108.3,894.88999
2025-09-17 06:00:00,117108.31,117286.73,116970.41,117234.27,770.01131
2025-09-17 07:00:00,117234.28,117275.0,117125.78,117162.48,557.97471
2025-09-17 08:00:00,117162.48,117189.86,116683.99,116860.0,635.73334
2025-09-17 09:00:00,116860.01,116860.01,116548.88,116550.01,380.39506
2025-09-17 10:00:00,116550.01,116604.26,116267.44,116359.14,356.93808
2025-09-17 11:00:00,116359.14,116383.87,116253.27,116258.13,282.02162
2025-09-17 12:00:00,116258.12,116516.93,116096.41,116204.94,387.04674
2025-09-17 13:00:00,116204.94,116330.75,115905.88,116107.19,664.85629
2025-09-17 14:00:00,116107.18,116240.0,115432.0,115606.61,1214.53614
2025-09-17 15:00:00,115606.62,115886.17,115527.48,115875.32,581.89144
2025-09-17 16:00:00,115875.33,115875.33,115386.21,115640.77,659.4146
2025-09-17 17:00:00,115640.76,116288.27,115500.0,115504.48,696.96558
2025-09-17 18:00:00,115504.49,116333.33,114720.81,115226.93,3427.38872
2025-09-17 19:00:00,115226.93,115989.2,115068.33,115652.02,955.04331
2025-09-17 20:00:00,115652.02,116140.2,115496.68,115621.47,455.26463
2025-09-17 21:00:00,115621.47,116120.0,115307.33,116038.39,336.05085
2025-09-17 22:00:00,116038.39,116823.72,116038.39,116559.69,741.17447
2025-09-17 23:00:00,116559.68,116990.68,116340.07,116447.59,836.73837
2025-09-18 00:00:00,116447.6,116470.52,116092.76,116350.65,442.99009
2025-09-18 01:00:00,116350.65,116869.46,116340.0,116634.84,440.77649
2025-09-18 02:00:00,116634.84,116959.96,116429.55,116950.47,318.2136
2025-09-18 03:00:00,116950.46,117896.0,116896.93,117581.66,1879.7006
2025-09-18 04:00:00,117581.67,117750.0,117219.5,117605.16,612.3817
2025-09-18 05:00:00,117605.16,117605.16,117176.1,117273.36,340.19852
2025-09-18 06:00:00,117273.37,117338.05,116888.02,117102.43,474.42047
2025-09-18 07:00:00,117102.43,117208.0,117048.81,117086.01,362.6272
2025-09-18 08:00:00,117086.01,117413.04,117010.59,117229.59,383.66591
2025-09-18 09:00:00,117229.58,117350.0,117107.57,117298.81,260.44715
2025-09-18 10:00:00,117298.82,117307.5,117078.72,117190.47,236.63641
2025-09-18 11:00:00,117190.48,117300.0,117013.77,117063.4,285.00282
2025-09-18 12:00:00,117063.41,117279.0,116977.59,117124.69,249.62123
2025-09-18 13:00:00,117124.69,117655.55,117004.28,117432.04,647.0176
2025-09-18 14:00:00,117432.04,117843.83,117400.54,117640.54,711.59459
2025-09-18 15:00:00,117640.54,117705.51,117322.41,117583.56,808.09852
2025-09-18 16:00:00,117583.56,117789.0,117500.01,117565.6,483.30991
2025-09-18 17:00:00,117565.59,117765.59,117418.45,117579.93,479.43176
2025-09-18 18:00:00,117579.94,117900.0,117512.11,117822.97,474.53821
2025-09-18 19:00:00,117822.98,117822.98,117196.33,117450.21,391.34362
2025-09-18 20:00:00,117450.21,117657.17,117337.95,117521.14,192.47211
2025-09-18 21:00:00,117521.14,117521.14,117299.21,117299.21,187.11636
2025-09-18 22:00:00,117299.21,117334.8,117027.34,117061.02,345.51742
2025-09-18 23:00:00,117061.02,117172.21,116612.03,117073.53,650.11136
2025-09-19 00:00:00,117073.53,117427.7,117020.0,117424.2,328.86734
2025-09-19 01:00:00,117424.21,117459.99,117118.21,117241.32,268.6749
2025-09-19 02:00:00,117241.32,117285.99,117044.13,117112.8,395.51641
2025-09-19 03:00:00,117112.81,117291.01,116871.61,116977.58,333.32919
2025-09-19 04:00:00,116977.58,117100.0,116700.02,116990.65,377.41298
2025-09-19 05:00:00,116990.65,117010.0,116780.75,116894.83,306.31482
2025-09-19 06:00:00,116894.83,116894.83,116633.86,116669.75,430.54942
2025-09-19 07:00:00,116669.76,116992.81,116665.0,116909.97,423.81384
2025-09-19 08:00:00,116909.98,117090.36,116882.47,116915.88,283.85786
2025-09-19 09:00:00,116915.88,116979.86,116488.0,116488.0,361.47256
2025-09-19 10:00:00,116488.0,116551.54,116434.23,116532.68,289.26548
2025-09-19 11:00:00,116532.68,116554.05,116300.0,116394.72,309.23241
2025-09-19 12:00:00,116394.72,116529.08,116133.66,116162.45,488.73837
2025-09-19 13:00:00,116162.45,116465.35,116075.0,116284.64,435.12378
2025-09-19 14:00:00,116284.63,116479.11,115800.0,115899.99,846.39402
2025-09-19 15:00:00,115899.99,115952.95,115464.19,115884.03,887.61948
2025-09-19 16:00:00,115884.03,116136.0,115800.0,116088.68,355.37234
2025-09-19 17:00:00,116088.68,116093.18,115538.67,115542.73,360.56628
2025-09-19 18:00:00,115542.73,115644.73,115382.98,115407.49,388.78402
2025-09-19 19:00:00,115407.49,115479.45,115112.58,115125.12,308.93231
2025-09-19 20:00:00,115125.13,115445.23,115100.0,115342.57,338.84816
2025-09-19 21:00:00,115342.56,115532.73,115306.07,115465.39,178.46294
2025-09-19 22:00:00,115465.39,115657.28,115465.39,115613.21,139.86142
2025-09-19 23:00:00,115613.21,115648.0,115448.01,115632.38,155.08032
2025-09-20 00:00:00,115632.39,115730.41,115548.92,115723.73,220.87363
2025-09-20 01:00:00,115723.72,115723.73,115610.84,115623.51,178.50409
2025-09-20 02:00:00,115623.5,115623.51,115444.0,115606.39,154.74621
2025-09-20 03:00:00,115606.4,115606.4,115408.47,115445.0,162.93905
2025-09-20 04:00:00,115445.0,115582.38,115409.08,115568.41,144.02474
2025-09-20 05:00:00,115568.41,115717.5,115512.63,115717.49,224.42562
2025-09-20 06:00:00,115717.49,115724.34,115625.85,115700.46,159.86607
2025-09-20 07:00:00,115700.47,115985.2,115683.47,115968.56,231.14483
2025-09-20 08:00:00,115968.56,115968.57,115700.01,115701.43,183.70782
2025-09-20 09:00:00,115701.43,115794.39,115664.11,115672.8,196.19831
2025-09-20 10:00:00,115672.8,115798.16,115672.79,115747.54,170.36368
2025-09-20 11:00:00,115747.54,115909.54,115747.54,115894.06,242.77605
2025-09-20 12:00:00,115894.05,115950.89,115804.47,115874.49,155.45643
2025-09-20 13:00:00,115874.5,115951.96,115859.48,115915.8,123.96705
2025-09-20 14:00:00,115915.79,116036.0,115883.3,115970.36,209.62425
2025-09-20 15:00:00,115970.36,116121.81,115946.91,115986.69,347.86651
2025-09-20 16:00:00,115986.7,116057.24,115882.58,116027.94,226.24762
2025-09-20 17:00:00,116027.95,116079.46,115817.28,115821.72,189.06923
2025-09-20 18:00:00,115821.73,115821.73,115700.0,115711.51,191.99051
2025-09-20 19:00:00,115711.51,115812.62,115698.08,115702.0,290.9007
2025-09-20 20:00:00,115702.0,115789.57,115689.91,115721.1,163.21635
2025-09-20 21:00:00,115721.1,115944.7,115721.1,115786.31,200.3631
2025-09-20 22:00:00,115786.3,115796.54,115742.14,115776.06,169.22355
2025-09-20 23:00:00,115776.06,115776.06,115603.42,115685.63,137.43212
2025-09-21 00:00:00,115685.63,115732.94,115559.97,115660.01,204.93197
2025-09-21 01:00:00,115660.01,115660.01,115500.0,115500.0,193.04313
2025-09-21 02:00:00,115500.01,115700.0,115441.83,115690.76,321.18986
2025-09-21 03:00:00,115690.76,115723.43,115616.38,115669.41,199.89426
2025-09-21 04:00:00,115669.42,115669.42,115494.22,115494.23,121.47731
2025-09-21 05:00:00,115494.23,115663.49,115487.56,115663.48,237.18676
2025-09-21 06:00:00,115663.48,115787.39,115663.48,115687.2,201.84931
2025-09-21 07:00:00,115687.21,115815.98,115615.0,115815.97,246.42642
2025-09-21 08:00:00,115815.98,115819.06,115560.94,115629.6,182.84602
2025-09-21 09:00:00,115629.6,115704.53,115329.03,115683.54,335.85586
2025-09-21 10:00:00,115683.53,115708.33,115504.13,115522.31,111.62025
2025-09-21 11:00:00,115522.31,115694.74,115522.31,115603.45,156.53082
2025-09-21 12:00:00,115603.45,115747.23,115603.44,115683.59,183.94971
2025-09-21 13:00:00,115683.59,115747.06,115645.2,115661.65,136.30562
2025-09-21 14:00:00,115661.65,115691.15,115500.0,115500.01,192.82816
2025-09-21 15:00:00,115500.0,115599.6,115473.19,115531.61,158.23691
2025-09-21 16:00:00,115531.62,115549.9,115209.02,115316.0,239.98829
2025-09-21 17:00:00,115316.01,115629.58,115249.94,115628.18,234.56593
2025-09-21 18:00:00,115628.19,115665.52,115513.98,115530.9,173.87321
2025-09-21 19:00:00,115530.89,115530.9,115318.02,115480.05,132.68903
2025-09-21 20:00:00,115480.05,115503.47,115307.51,115307.51,93.55507
2025-09-21 21:00:00,115307.52,115434.53,115250.01,115405.48,101.3744
2025-09-21 22:00:00,115405.48,115545.43,115188.0,115538.9,154.30721
2025-09-21 23:00:00,115538.91,115538.91,115200.0,115232.29,196.99668
2025-09-22 00:00:00,115232.29,115379.25,114290.16,114407.28,1196.13685
2025-09-22 01:00:00,114407.28,114750.0,114250.98,114273.45,660.65043
2025-09-22 02:00:00,114273.44,114618.89,114150.0,114187.81,895.13507
2025-09-22 03:00:00,114187.8,114654.36,114187.8,114649.89,326.66818
2025-09-22 04:00:00,114649.89,114649.9,114397.32,114433.53,208.01066
2025-09-22 05:00:00,114433.53,114551.8,113623.0,113691.19,753.79586
2025-09-22 06:00:00,113691.18,113698.38,111800.0,112800.77,5199.12797
2025-09-22 07:00:00,112800.77,112999.0,112476.17,112519.99,1129.8684
2025-09-22 08:00:00,112520.0,112780.0,112452.0,112629.07,810.01414
2025-09-22 09:00:00,112629.06,112662.87,112173.52,112336.62,1219.89658
2025-09-22 10:00:00,112336.62,112848.33,112262.22,112792.16,523.20588
2025-09-22 11:00:00,112792.16,112976.02,112683.49,112876.97,499.11385
2025-09-22 12:00:00,112876.97,112876.97,112520.0,112738.65,504.05132
2025-09-22 13:00:00,112738.64,113148.29,112380.0,113130.63,813.72754
2025-09-22 14:00:00,113130.63,113432.76,112754.15,112933.16,1386.14648
2025-09-22 15:00:00,112933.16,113024.23,112576.42,112815.5,609.57711
2025-09-22 16:00:00,112815.5,112888.0,112585.87,112600.68,359.00005
2025-09-22 17:00:00,112600.69,112622.95,112250.89,112398.66,595.0948
2025-09-22 18:00:00,112398.65,112816.55,112345.54,112429.13,470.04903
2025-09-22 19:00:00,112429.12,112600.87,111936.4,112122.9,1307.37365
2025-09-22 20:00:00,112122.9,112977.41,111975.28,112781.88,596.84005
2025-09-22 21:00:00,112781.87,112970.0,112602.79,112969.99,293.31156
2025-09-22 22:00:00,112969.99,112970.0,112594.33,112643.25,289.60715
2025-09-22 23:00:00,112643.25,112739.14,112592.2,112650.99,135.31095
2025-09-23 00:00:00,112650.99,112833.09,112385.23,112395.32,400.92095
2025-09-23 01:00:00,112395.32,112502.29,112138.88,112156.66,439.66589
2025-09-23 02:00:00,112156.66,112487.38,111674.0,111811.88,717.47413
2025-09-23 03:00:00,111811.88,112446.97,111478.0,112339.99,840.03485
2025-09-23 04:00:00,112339.99,112469.21,111876.15,112442.3,530.4818
2025-09-23 05:00:00,112442.29,112894.49,112413.01,112665.44,645.16259
2025-09-23 06:00:00,112665.44,113111.89,112616.93,112974.96,574.99132
2025-09-23 07:00:00,112974.97,113114.01,112882.48,113090.13,754.18067
2025-09-23 08:00:00,113090.13,113177.72,112936.98,113133.84,657.66339
2025-09-23 09:00:00,113133.84,113281.5,112888.0,112934.47,430.99222
2025-09-23 10:00:00,112934.48,113006.56,112828.62,112969.32,382.87944
2025-09-23 11:00:00,112969.32,113081.35,112683.33,112975.99,343.04129
2025-09-23 12:00:00,112975.99,113049.9,112811.4,112941.02,342.98937
2025-09-23 13:00:00,112941.01,113024.31,112722.78,112952.31,426.02927
2025-09-23 14:00:00,112952.32,113290.5,112571.81,112652.91,713.09459
2025-09-23 15:00:00,112652.91,113072.89,112496.61,112882.19,466.71943
2025-09-23 16:00:00,112882.2,112958.58,112486.37,112823.63,531.06975
2025-09-23 17:00:00,112823.62,112823.62,111888.0,111957.76,587.62346
2025-09-23 18:00:00,111957.76,112200.0,111686.9,111780.1,710.40527
2025-09-23 19:00:00,111780.09,111979.27,111540.2,111655.29,565.08344
2025-09-23 20:00:00,111655.29,111994.99,111458.73,111985.77,495.90964
2025-09-23 21:00:00,111985.78,112202.24,111893.44,112161.54,270.56814
2025-09-23 22:00:00,112161.53,112213.95,112002.16,112159.23,231.71626
2025-09-23 23:00:00,112159.24,112220.54,111879.73,111998.8,242.62314
2025-09-24 00:00:00,111998.8,112380.0,111816.86,112230.72,457.37128
2025-09-24 01:00:00,112230.73,112500.0,112140.0,112451.26,263.95045
2025-09-24 02:00:00,112451.25,112500.0,111896.43,112111.62,1045.64078
2025-09-24 03:00:00,112111.62,112223.15,111683.09,111683.09,1081.07058
2025-09-24 04:00:00,111683.1,112374.32,111042.66,112161.93,1377.98323
2025-09-24 05:00:00,112161.94,112666.74,112133.83,112636.84,480.95742
2025-09-24 06:00:00,112636.85,112779.37,112535.78,112596.69,508.56699
2025-09-24 07:00:00,112596.7,112742.06,112459.44,112583.54,538.1822
2025-09-24 08:00:00,112583.54,112636.85,112405.62,112622.8,369.32812
2025-09-24 09:00:00,112622.81,112837.42,112501.38,112735.06,247.34844
2025-09-24 10:00:00,112735.05,112960.0,112668.51,112941.98,402.84076
2025-09-24 11:00:00,112941.99,113162.17,112877.3,113029.46,548.21142
2025-09-24 12:00:00,113029.45,113097.99,112944.0,113070.69,272.77737
2025-09-24 13:00:00,113070.69,113222.69,112808.0,112823.62,578.33959
2025-09-24 14:00:00,112823.62,113890.0,112823.61,113720.64,966.18934
2025-09-24 15:00:00,113720.64,113883.68,113257.01,113346.41,717.74437
2025-09-24 16:00:00,113346.4,113753.0,113163.21,113732.01,447.67953
2025-09-24 17:00:00,113732.01,113940.0,113616.0,113761.3,361.88913
2025-09-24 18:00:00,113761.31,113830.66,113512.53,113639.8,202.61449
2025-09-24 19:00:00,113639.8,113682.46,113292.25,113420.01,306.5127
2025-09-24 20:00:00,113420.0,113609.25,113401.99,113501.52,233.37909
2025-09-24 21:00:00,113501.52,113584.02,113283.99,113339.63,274.44453
2025-09-24 22:00:00,113339.63,113647.58,113250.59,113336.33,268.57434
2025-09-24 23:00:00,113336.34,113429.12,113204.71,113307.0,417.66352
2025-09-25 00:00:00,113307.01,113510.23,112960.0,113062.35,567.08586
2025-09-25 01:00:00,113062.35,113369.98,112446.15,112661.24,1139.29698
2025-09-25 02:00:00,112661.24,113179.94,112510.06,112907.38,569.88139
2025-09-25 03:00:00,112907.38,112907.39,112214.74,112546.21,773.34995
2025-09-25 04:00:00,112546.22,112614.43,111584.23,111735.66,1337.55309
2025-09-25 05:00:00,111735.67,112040.0,111597.86,111749.91,705.54263
2025-09-25 06:00:00,111749.91,111843.3,111515.87,111533.26,371.96659
2025-09-25 07:00:00,111533.26,111883.23,111450.42,111766.72,515.14719
2025-09-25 08:00:00,111766.73,112031.18,111689.38,111727.21,537.9101
2025-09-25 09:00:00,111727.2,112246.46,111571.57,111571.58,771.79377
2025-09-25 10:00:00,111571.58,111854.12,111525.81,111648.19,434.41742
2025-09-25 11:00:00,111648.19,111728.48,111283.63,111348.0,543.64106
2025-09-25 12:00:00,111347.99,111656.81,111020.0,111111.0,1058.2697
2025-09-25 13:00:00,111111.01,111719.05,110629.99,111000.0,2220.16862
2025-09-25 14:00:00,111000.0,111729.52,110983.03,111540.0,856.73547
2025-09-25 15:00:00,111540.01,111587.75,110868.9,111580.77,599.58449
2025-09-25 16:00:00,111580.77,111672.58,110904.91,110957.29,585.10481
2025-09-25 17:00:00,110957.28,110968.4,108654.0,108833.63,2899.70308
2025-09-25 18:00:00,108833.63,109801.78,108631.51,109760.2,1427.42291
2025-09-25 19:00:00,109760.2,109973.4,109302.54,109360.0,1217.19366
2025-09-25 20:00:00,109360.0,109482.62,109057.06,109163.44,424.7182
2025-09-25 21:00:00,109163.45,109666.3,109074.11,109420.0,347.85454
2025-09-25 22:00:00,109420.0,109587.99,109261.02,109419.97,280.53982
2025-09-25 23:00:00,109419.97,109685.72,108765.0,108994.49,1046.26824
2025-09-26 00:00:00,108994.49,109614.67,108809.24,109472.13,868.75424
2025-09-26 01:00:00,109472.12,109762.59,109313.17,109680.4,452.15578
2025-09-26 02:00:00,109680.39,109798.84,109487.26,109621.7,497.29551
2025-09-26 03:00:00,109621.7,109635.8,109293.25,109580.01,504.99021
2025-09-26 04:00:00,109580.0,109625.94,109250.87,109338.01,315.34456
2025-09-26 05:00:00,109338.02,109579.99,109085.78,109252.79,371.75832
2025-09-26 06:00:00,109252.79,109624.16,109016.0,109360.0,592.34105
2025-09-26 07:00:00,109360.0,109593.49,108913.0,109320.02,1776.45411
2025-09-26 08:00:00,109320.02,109607.5,109304.72,109567.2,575.78415
2025-09-26 09:00:00,109567.2,109690.98,109393.37,109568.72,441.33309
2025-09-26 10:00:00,109568.72,109568.72,108697.42,108895.0,735.10273
2025-09-26 11:00:00,108894.99,109200.0,108620.07,109133.5,923.24217
2025-09-26 12:00:00,109133.5,109579.0,108824.82,109372.68,863.36244
2025-09-26 13:00:00,109372.68,109779.73,109000.0,109669.73,991.99403
2025-09-26 14:00:00,109669.72,109779.73,108764.76,108836.0,900.4525
2025-09-26 15:00:00,108836.0,109358.5,108802.04,109027.78,486.11543
2025-09-26 16:00:00,109027.79,109618.0,109027.78,109460.01,291.37899
2025-09-26 17:00:00,109460.0,110000.0,109392.35,109899.99,627.01224
2025-09-26 18:00:00,109900.0,110300.0,109700.0,109727.99,571.22129
2025-09-26 19:00:00,109727.99,109727.99,109030.41,109172.2,603.81607
2025-09-26 20:00:00,109172.21,109347.59,109087.57,109288.44,245.23004
2025-09-26 21:00:00,109288.45,109530.0,109189.17,109469.07,210.90009
2025-09-26 22:00:00,109469.07,109607.38,109348.0,109558.25,183.31873
2025-09-26 23:00:00,109558.24,109687.69,109432.07,109643.46,213.65814
2025-09-27 00:00:00,109643.46,109660.88,109472.23,109649.29,268.55384
2025-09-27 01:00:00,109649.29,109657.45,109330.08,109431.92,230.21003
2025-09-27 02:00:00,109431.92,109482.64,109324.42,109408.18,280.63961
2025-09-27 03:00:00,109408.18,109743.91,109384.63,109553.77,262.25571
2025-09-27 04:00:00,109553.77,109742.27,109514.63,109654.99,248.07725
2025-09-27 05:00:00,109654.99,109684.29,109593.65,109635.72,128.97939
2025-09-27 06:00:00,109635.73,109635.73,109481.44,109541.36,241.06138
2025-09-27 07:00:00,109541.36,109570.36,109332.02,109411.2,290.72314
2025-09-27 08:00:00,109411.19,109411.2,109252.0,109252.01,379.23249
2025-09-27 09:00:00,109252.01,109347.59,109064.4,109292.73,409.97831
2025-09-27 10:00:00,109292.74,109477.69,109256.07,109431.7,322.59239
2025-09-27 11:00:00,109431.71,109440.65,109280.0,109310.21,244.4871
2025-09-27 12:00:00,109310.22,109477.59,109227.14,109400.05,336.07633
2025-09-27 13:00:00,109400.06,109412.14,109299.64,109306.61,336.77227
2025-09-27 14:00:00,109306.61,109387.51,109255.9,109287.89,273.62629
2025-09-27 15:00:00,109287.89,109427.4,109193.0,109402.24,204.90854
2025-09-27 16:00:00,109402.25,109427.76,109308.0,109389.04,176.55452
2025-09-27 17:00:00,109389.05,109410.0,109243.89,109382.47,183.15972
2025-09-27 18:00:00,109382.48,109434.99,109345.11,109434.96,154.7658
2025-09-27 19:00:00,109434.96,109440.0,109383.48,109424.2,76.33855
2025-09-27 20:00:00,109424.21,109435.0,109362.72,109390.0,60.18528
2025-09-27 21:00:00,109390.0,109483.55,109389.47,109474.99,119.69499
2025-09-27 22:00:00,109474.98,109699.98,109474.98,109605.62,175.35372
2025-09-27 23:00:00,109605.63,109683.16,109461.53,109635.85,97.55978
2025-09-28 00:00:00,109635.85,109787.75,109548.0,109607.81,283.02575
2025-09-28 01:00:00,109607.81,109654.85,109325.05,109353.67,221.5149
2025-09-28 02:00:00,109353.68,109535.0,109353.67,109447.55,194.54739
2025-09-28 03:00:00,109447.54,109535.0,109409.17,109436.0,123.06023
2025-09-28 04:00:00,109436.0,109486.1,109365.88,109365.9,99.29239
2025-09-28 05:00:00,109365.9,109398.0,109356.42,109356.43,124.07352
2025-09-28 06:00:00,109356.44,109455.97,109260.0,109410.0,167.02015
2025-09-28 07:00:00,109410.0,109537.8,109350.0,109513.06,178.6647
2025-09-28 08:00:00,109513.06,109585.39,109423.21,109509.91,216.27847
2025-09-28 09:00:00,109509.91,109559.89,109323.88,109519.42,209.63846
2025-09-28 10:00:00,109519.43,109519.43,109368.43,109368.44,143.70537
2025-09-28 11:00:00,109368.43,109447.28,109250.0,109369.02,293.31231
2025-09-28 12:00:00,109369.02,109451.04,109189.99,109314.99,308.15163
2025-09-28 13:00:00,109314.99,109668.98,109314.98,109639.0,332.00919
2025-09-28 14:00:00,109639.0,109888.0,109502.56,109850.01,370.11862
2025-09-28 15:00:00,109850.0,110037.93,109712.23,110037.93,338.92347
2025-09-28 16:00:00,110037.92,110393.63,110008.54,110222.02,516.23853
2025-09-28 17:00:00,110222.01,110377.05,110130.26,110203.52,374.79675
2025-09-28 18:00:00,110203.53,110293.56,110060.88,110293.56,140.49771
2025-09-28 19:00:00,110293.56,110388.46,110119.71,110337.6,184.24395
2025-09-28 20:00:00,110337.61,110945.0,110294.78,110803.8,510.0654
2025-09-28 21:00:00,110803.8,110896.33,110640.81,110833.99,275.55071
2025-09-28 22:00:00,110833.99,112014.0,110833.99,111938.51,1130.21918
2025-09-28 23:00:00,111938.51,112350.0,111938.51,112163.95,807.38282
2025-09-29 00:00:00,112163.96,112309.98,111985.0,112260.57,716.5866
2025-09-29 01:00:00,112260.57,112310.0,111721.79,111855.3,649.21896
2025-09-29 02:00:00,111855.3,112022.27,111632.72,111750.02,621.54504
2025-09-29 03:00:00,111750.02,111857.51,111588.07,111857.51,310.12302
2025-09-29 04:00:00,111857.51,111904.34,111750.0,111812.0,278.79762
2025-09-29 05:00:00,111812.01,111812.01,111575.38,111753.34,348.73721
2025-09-29 06:00:00,111753.34,111850.0,111624.0,111632.83,334.53443
2025-09-29 07:00:00,111632.83,111865.96,111560.65,111865.95,869.2909
2025-09-29 08:00:00,111865.96,112421.99,111865.95,112099.75,787.97678
2025-09-29 09:00:00,112099.74,112219.0,111988.13,112110.9,460.23123
2025-09-29 10:00:00,112110.9,112225.0,112012.73,112090.18,476.12298
2025-09-29 11:00:00,112090.19,112112.86,111923.13,112100.0,401.91096
2025-09-29 12:00:00,112100.0,112515.0,111940.0,112022.16,744.63691
2025-09-29 13:00:00,112022.0,113490.0,111901.26,113227.29,1670.66371
2025-09-29 14:00:00,113227.29,114231.56,113220.21,114033.53,1791.07159
2025-09-29 15:00:00,114033.54,114127.13,113686.06,113815.57,858.42631
2025-09-29 16:00:00,113815.57,114053.0,113600.0,113626.15,728.01207
2025-09-29 17:00:00,113626.15,114151.0,113449.74,114043.91,843.56729
2025-09-29 18:00:00,114043.92,114137.73,113867.02,114008.79,396.89151
2025-09-29 19:00:00,114008.78,114390.93,113848.63,114265.55,747.93438
2025-09-29 20:00:00,114265.56,114400.0,114122.12,114258.29,497.44944
2025-09-29 21:00:00,114258.29,114329.8,114095.36,114176.73,218.26557
2025-09-29 22:00:00,114176.72,114216.41,114020.0,114189.81,443.81221
2025-09-29 23:00:00,114189.8,114395.92,114189.8,114311.96,345.31333
2025-09-30 00:00:00,114311.97,114758.0,114040.35,114525.97,953.85322
2025-09-30 01:00:00,114525.97,114792.0,114255.38,114500.31,766.2566
2025-09-30 02:00:00,114500.32,114583.19,114360.0,114455.96,385.99253
2025-09-30 03:00:00,114455.96,114514.5,114303.06,114376.39,388.27883
2025-09-30 04:00:00,114376.39,114376.4,114091.62,114091.63,355.43204
2025-09-30 05:00:00,114091.63,114205.17,113827.24,113904.0,698.31455
2025-09-30 06:00:00,113904.0,114084.22,113838.41,113891.64,527.62041
2025-09-30 07:00:00,113891.64,113994.61,113585.0,113699.23,745.45417
2025-09-30 08:00:00,113699.24,113741.37,113350.35,113451.89,653.46315
2025-09-30 09:00:00,113451.89,113451.89,112731.41,112781.97,995.05591
2025-09-30 10:00:00,112781.97,113085.23,112656.27,112923.49,721.99583
2025-09-30 11:00:00,112923.5,113135.44,112810.62,113055.01,498.77683
2025-09-30 12:00:00,113055.0,113255.99,112990.75,113002.06,347.5946
2025-09-30 13:00:00,113002.06,113677.23,112866.11,113404.53,823.64679
2025-09-30 14:00:00,113404.53,113630.13,112900.0,113595.05,910.17644
2025-09-30 15:00:00,113595.04,113598.27,112919.95,113106.16,758.86878
2025-09-30 16:00:00,113106.15,113279.92,112800.0,112841.24,386.78887
2025-09-30 17:00:00,112841.23,113503.99,112813.82,113246.11,745.57241
2025-09-30 18:00:00,113246.12,113714.56,113177.37,113714.56,431.8583
2025-09-30 19:00:00,113714.55,114563.46,113702.01,114359.99,971.66803
2025-09-30 20:00:00,114359.99,114723.57,114110.09,114626.36,710.64838
2025-09-30 21:00:00,114626.36,114754.87,114136.5,114161.0,649.46746
2025-09-30 22:00:00,114161.0,114356.98,113883.01,113940.39,348.9346
2025-09-30 23:00:00,113940.4,114048.94,113765.42,114048.93,268.4376
2025-10-01 00:00:00,114048.94,114308.0,113966.67,114239.53,434.59016
2025-10-01 01:00:00,114239.53,114550.0,114142.99,114549.99,597.2536
2025-10-01 02:00:00,114549.99,114551.76,114272.15,114272.15,508.42422
2025-10-01 03:00:00,114272.16,114530.48,114096.58,114176.92,502.30318
2025-10-01 04:00:00,114176.93,114700.0,114151.0,114289.01,597.89328
2025-10-01 05:00:00,114289.02,114740.0,114265.63,114569.84,559.75519
2025-10-01 06:00:00,114569.84,114624.3,114224.88,114256.81,392.52281
2025-10-01 07:00:00,114256.82,114584.35,114236.59,114539.02,446.26236
2025-10-01 08:00:00,114539.02,116591.8,114484.43,116111.28,2944.06599
2025-10-01 09:00:00,116111.27,116529.93,115950.0,116412.1,1081.73774
2025-10-01 10:00:00,116412.1,116551.0,116203.5,116281.64,549.64831
2025-10-01 11:00:00,116281.64,116795.85,116269.0,116789.58,642.47832
2025-10-01 12:00:00,116789.57,116887.0,116363.38,116402.65,645.19981
2025-10-01 13:00:00,116402.65,116843.73,116399.5,116806.96,1233.59755
2025-10-01 14:00:00,116806.96,117441.26,116704.74,117292.74,1631.53193
2025-10-01 15:00:00,117292.73,117649.99,117091.84,117423.73,1008.01671
2025-10-01 16:00:00,117423.73,118199.0,117319.04,117535.79,1840.40868
2025-10-01 17:00:00,117535.79,117681.27,116724.56,116768.07,962.36022
2025-10-01 18:00:00,116768.08,117339.09,116768.07,117234.01,528.26692
2025-10-01 19:00:00,117234.01,117623.59,117214.8,117439.53,483.28734
2025-10-01 20:00:00,117439.53,117542.24,117163.25,117536.12,412.83403
2025-10-01 21:00:00,117536.13,117579.43,117339.54,117554.96,278.91184
2025-10-01 22:00:00,117554.95,118080.0,117554.95,117745.39,593.82096
2025-10-01 23:00:00,117745.39,118649.1,117686.28,118594.99,1161.22401
2025-10-02 00:00:00,118594.99,119456.92,118397.32,118428.46,2212.72285
2025-10-02 01:00:00,118428.46,118894.12,118368.05,118617.37,734.6179
2025-10-02 02:00:00,118617.37,118784.87,118483.39,118753.73,644.14993
2025-10-02 03:00:00,118753.73,119058.82,118688.61,118733.99,595.85707
2025-10-02 04:00:00,118733.99,118930.29,118432.64,118662.04,410.46135
2025-10-02 05:00:00,118662.04,118677.32,118279.31,118377.34,484.81157
2025-10-02 06:00:00,118377.34,118672.34,118295.87,118649.06,380.89847
2025-10-02 07:00:00,118649.07,118678.98,118424.0,118489.76,496.19299
2025-10-02 08:00:00,118489.76,118680.0,118354.61,118668.89,309.01675
2025-10-02 09:00:00,118668.89,118850.0,118567.0,118849.99,343.02582
2025-10-02 10:00:00,118849.99,118926.49,118567.85,118619.56,393.64914
2025-10-02 11:00:00,118619.55,118900.01,118537.1,118765.73,414.31674
2025-10-02 12:00:00,118765.72,119402.43,118742.91,119402.42,924.16679
2025-10-02 13:00:00,119402.43,119761.36,118933.25,119621.2,1531.32643
2025-10-02 14:00:00,119621.19,119788.0,118642.2,118814.09,1237.9215
2025-10-02 15:00:00,118814.09,119910.79,118516.39,119910.78,1405.75154
2025-10-02 16:00:00,119910.78,120300.0,119607.82,119731.4,1570.77716
2025-10-02 17:00:00,119731.4,119956.84,119359.63,119917.52,625.48952
2025-10-02 18:00:00,119917.52,120663.96,119907.01,120506.61,1340.0858
2025-10-02 19:00:00,120506.6,121022.07,120439.97,120836.49,1332.75893
2025-10-02 20:00:00,120836.49,120914.0,120306.02,120652.01,833.01817
2025-10-02 21:00:00,120652.01,120774.97,120141.72,120150.1,546.60875
2025-10-02 22:00:00,120150.1,120412.24,120072.46,120257.49,379.08266
2025-10-02 23:00:00,120257.49,120680.35,120251.81,120529.35,524.1272
2025-10-03 00:00:00,120529.35,120550.9,120079.0,120132.8,776.43359
2025-10-03 01:00:00,120132.8,120293.68,119820.0,119875.72,537.61051
2025-10-03 02:00:00,119875.72,120269.11,119866.18,120157.82,451.19476
2025-10-03 03:00:00,120157.82,120472.12,120157.82,120225.89,503.41637
2025-10-03 04:00:00,120225.88,120324.53,120000.4,120039.98,289.32576
2025-10-03 05:00:00,120039.98,120065.41,119746.81,119920.4,454.732
2025-10-03 06:00:00,119920.41,120075.62,119765.99,119916.93,356.16347
2025-10-03 07:00:00,119916.94,120011.05,119610.59,119640.21,1193.694
2025-10-03 08:00:00,119640.22,120072.59,119248.3,120038.6,1368.04834
2025-10-03 09:00:00,120038.6,120365.35,120008.6,120300.0,1073.47178
2025-10-03 10:00:00,120300.01,120515.89,120271.18,120425.95,575.58075
2025-10-03 11:00:00,120425.95,120471.0,120130.76,120334.5,450.30439
2025-10-03 12:00:00,120334.51,120400.0,120102.18,120358.07,423.63897
2025-10-03 13:00:00,120358.07,120691.44,120113.0,120374.73,795.86923
2025-10-03 14:00:00,120374.72,120975.0,119881.24,120917.85,1151.84039
2025-10-03 15:00:00,120917.1,122366.0,120641.27,122258.05,2558.07247
2025-10-03 16:00:00,122258.04,123894.99,122258.04,122553.3,4679.2754
2025-10-03 17:00:00,122553.3,123113.97,121603.42,122073.25,2932.08887
2025-10-03 18:00:00,122073.26,122732.12,121466.25,122538.46,1175.09154
2025-10-03 19:00:00,122538.46,122961.63,122355.08,122660.99,661.21371
2025-10-03 20:00:00,122661.0,122734.92,122037.43,122447.94,617.65815
2025-10-03 21:00:00,122447.94,122452.1,121999.33,122306.57,392.75542
2025-10-03 22:00:00,122306.57,122665.0,122306.56,122477.0,227.9953
2025-10-03 23:00:00,122477.0,122477.0,122180.79,122232.0,290.85283
2025-10-04 00:00:00,122232.21,122295.56,121982.23,122100.0,444.36212
2025-10-04 01:00:00,122100.0,122103.24,121698.8,121865.21,486.29697
2025-10-04 02:00:00,121865.22,122030.0,121684.97,121854.53,443.51459
2025-10-04 03:00:00,121854.53,122325.6,121829.54,122243.99,356.40352
2025-10-04 04:00:00,122243.99,122522.0,122219.3,122495.0,315.41672
2025-10-04 05:00:00,122495.01,122800.0,122405.64,122522.7,588.87932
2025-10-04 06:00:00,122522.7,122606.86,122373.9,122430.27,358.53969
2025-10-04 07:00:00,122430.27,122455.0,122259.98,122324.08,253.33958
2025-10-04 08:00:00,122324.08,122539.83,122197.63,122267.57,499.0421
2025-10-04 09:00:00,122267.58,122457.17,122186.03,122208.78,244.01487
2025-10-04 10:00:00,122208.79,122331.01,122099.69,122129.53,208.78248
2025-10-04 11:00:00,122129.53,122215.97,121962.81,121973.26,316.89688
2025-10-04 12:00:00,121973.26,122103.0,121945.0,122005.62,214.19564
2025-10-04 13:00:00,122005.62,122509.52,122005.62,122385.42,319.16828
2025-10-04 14:00:00,122385.42,122459.98,122000.0,122000.01,229.86148
2025-10-04 15:00:00,122000.01,122144.28,121698.88,121791.31,700.83126
2025-10-04 16:00:00,121791.31,121964.95,121595.67,121719.99,652.05349
2025-10-04 17:00:00,121720.0,121910.24,121660.57,121747.37,289.33463
2025-10-04 18:00:00,121747.36,121829.69,121510.0,121574.66,288.12119
2025-10-04 19:00:00,121574.66,121959.25,121574.65,121959.25,213.72533
2025-10-04 20:00:00,121959.25,122079.65,121891.49,121892.89,211.24587
2025-10-04 21:00:00,121892.89,122347.55,121871.01,122190.67,282.5404
2025-10-04 22:00:00,122190.67,122365.14,122139.98,122287.19,158.14137
2025-10-04 23:00:00,122287.19,122410.0,122214.0,122391.0,133.459
2025-10-05 00:00:00,122390.99,122410.0,122157.7,122157.7,191.66559
2025-10-05 01:00:00,122157.71,122410.0,122136.0,122377.72,308.73428
2025-10-05 02:00:00,122377.71,124362.28,122342.0,124031.44,2633.63494
2025-10-05 03:00:00,124031.44,124173.0,123344.98,123776.22,1077.99134
2025-10-05 04:00:00,123776.23,125708.42,123734.0,125172.81,3667.071773
2025-10-05 05:00:00,125172.81,125437.91,124876.72,125127.99,1956.24996
2025-10-05 06:00:00,125127.99,125225.54,124805.34,125000.01,821.20016
2025-10-05 07:00:00,125000.01,125164.26,124622.6,124713.63,898.02731
2025-10-05 08:00:00,124713.63,124838.37,124558.0,124595.99,532.28794
2025-10-05 09:00:00,124596.0,124665.37,122789.35,123020.5,2214.92936
2025-10-05 10:00:00,123020.51,123130.0,122520.24,123028.01,993.89021
2025-10-05 11:00:00,123028.01,123538.46,122850.0,123464.64,714.20213
2025-10-05 12:00:00,123464.64,123464.65,122927.17,123085.88,573.79261
2025-10-05 13:00:00,123085.89,123358.83,123070.46,123161.39,684.83212
2025-10-05 14:00:00,123161.4,123339.42,122770.32,123034.67,553.48643
2025-10-05 15:00:00,123034.67,123034.67,122675.0,122803.17,420.97888
2025-10-05 16:00:00,122803.17,123348.45,122301.63,123265.54,1014.58046
2025-10-05 17:00:00,123265.55,123464.0,122890.38,123057.05,390.32827
2025-10-05 18:00:00,123057.05,123220.3,122856.05,122999.44,586.52026
2025-10-05 19:00:00,122999.44,123026.0,122500.0,122591.79,394.73151
2025-10-05 20:00:00,122591.8,123055.05,122473.62,122705.32,347.70826
2025-10-05 21:00:00,122705.31,122801.44,122489.85,122729.99,239.86372
2025-10-05 22:00:00,122730.0,123278.76,122730.0,123237.4,329.01936
2025-10-05 23:00:00,123237.4,123548.83,123219.62,123482.31,497.37068
2025-10-06 00:00:00,123482.32,124358.46,123084.0,123347.29,1305.09536
2025-10-06 01:00:00,123347.29,124239.7,123192.01,124035.32,720.59287
2025-10-06 02:00:00,124035.33,124244.93,123476.04,124110.61,696.06889
2025-10-06 03:00:00,124110.61,124126.31,123742.64,123839.09,303.52731
2025-10-06 04:00:00,123839.09,123988.0,123554.27,123580.26,374.67011
2025-10-06 05:00:00,123580.27,123750.0,123294.93,123586.0,558.79238
2025-10-06 06:00:00,123586.01,124165.56,123586.0,123947.9,527.83575
2025-10-06 07:00:00,123947.91,124035.89,123280.49,123390.47,749.33011
2025-10-06 08:00:00,123390.47,123880.0,123390.46,123846.55,556.77898
2025-10-06 09:00:00,123846.56,124056.73,123779.31,123955.3,791.39727
2025-10-06 10:00:00,123955.29,124142.85,123899.42,123978.0,459.97878
2025-10-06 11:00:00,123978.0,124531.66,123735.73,124215.0,960.05678
2025-10-06 12:00:00,124215.0,124691.81,124178.0,124556.64,977.10945
2025-10-06 13:00:00,124556.65,125079.85,124385.74,125031.33,1406.49106
2025-10-06 14:00:00,125031.34,125330.0,124339.38,124530.0,1331.91784
2025-10-06 15:00:00,124529.99,125408.29,124513.35,125000.0,852.17645
2025-10-06 16:00:00,125000.0,125499.63,124800.0,125455.24,911.48586
2025-10-06 17:00:00,125455.25,125819.2,125126.67,125284.0,1451.39316
2025-10-06 18:00:00,125284.01,126199.63,125044.46,126011.18,1439.873253
2025-10-06 19:00:00,126011.18,126134.71,125252.74,125410.81,919.42008
2025-10-06 20:00:00,125410.8,125534.0,125032.01,125211.02,512.32035
2025-10-06 21:00:00,125211.03,125268.5,124511.15,125097.85,907.58302
2025-10-06 22:00:00,125097.86,125298.43,124784.41,125039.13,416.67058
2025-10-06 23:00:00,125039.13,125100.0,124628.0,124658.54,364.0631
2025-10-07 00:00:00,124658.54,124925.14,124600.0,124900.93,399.28672
2025-10-07 01:00:00,124900.93,125082.27,124442.87,124699.99,470.23469
2025-10-07 02:00:00,124699.99,124700.0,124159.22,124259.9,524.92821
2025-10-07 03:00:00,124259.91,124568.44,124101.26,124329.74,379.16017
2025-10-07 04:00:00,124329.74,124654.47,124109.1,124500.0,438.34342
2025-10-07 05:00:00,124499.99,124640.76,124240.37,124414.17,424.20697
2025-10-07 06:00:00,124414.17,124460.0,123800.0,123890.84,862.57843
2025-10-07 07:00:00,123890.84,124038.0,123567.6,123667.99,730.09708
2025-10-07 08:00:00,123668.0,123999.98,123322.9,123861.75,1172.93284
2025-10-07 09:00:00,123861.75,124246.64,123861.74,124117.48,423.70195
2025-10-07 10:00:00,124117.48,124413.75,124020.0,124282.19,385.65308
2025-10-07 11:00:00,124282.18,124509.6,124179.99,124453.38,462.44628
2025-10-07 12:00:00,124453.37,125126.0,124340.0,124917.99,747.53263
2025-10-07 13:00:00,124918.0,125046.16,123288.0,123891.68,1734.891
2025-10-07 14:00:00,123891.68,124000.0,122568.0,122725.36,2078.9177
2025-10-07 15:00:00,122725.36,122865.36,121172.89,121846.01,2798.67322
2025-10-07 16:00:00,121846.01,122084.14,120800.02,121684.17,2051.61019
2025-10-07 17:00:00,121684.17,121822.58,121100.0,121130.02,1241.13249
2025-10-07 18:00:00,121130.02,121306.13,120574.94,120895.37,1099.60495
2025-10-07 19:00:00,120895.37,122027.3,120860.46,121637.17,1334.54837
2025-10-07 20:00:00,121637.18,122196.48,121637.18,121943.61,493.62814
2025-10-07 21:00:00,121943.61,122292.62,121765.9,122016.0,397.91117
2025-10-07 22:00:00,122016.0,122173.5,121797.6,122011.17,404.31119
2025-10-07 23:00:00,122011.17,122022.88,121258.08,121332.95,577.66296
2025-10-08 00:00:00,121332.96,122089.68,121276.0,121914.09,651.73891
2025-10-08 01:00:00,121914.09,122056.0,121605.75,121950.01,519.56378
2025-10-08 02:00:00,121950.0,122229.66,121825.74,122048.28,534.11266
2025-10-08 03:00:00,122048.28,122048.28,121200.0,121374.75,701.35291
2025-10-08 04:00:00,121374.76,121910.24,121066.14,121900.0,712.4618
2025-10-08 05:00:00,121900.01,121900.01,121173.86,121374.01,708.85271
2025-10-08 06:00:00,121374.02,121841.54,121068.96,121784.29,552.19718
2025-10-08 07:00:00,121784.3,121872.37,121311.91,121597.06,697.34775
2025-10-08 08:00:00,121597.05,122850.0,121524.01,122381.85,1462.35304
2025-10-08 09:00:00,122381.84,122644.0,122381.84,122516.98,474.15682
2025-10-08 10:00:00,122516.99,123100.0,122498.05,122934.6,654.29848
2025-10-08 11:00:00,122934.61,123200.0,122743.36,122884.14,817.9321
2025-10-08 12:00:00,122884.14,123090.75,122542.27,122631.52,464.2609
2025-10-08 13:00:00,122631.52,122774.96,121649.68,122599.04,886.89853
2025-10-08 14:00:00,122599.04,123350.0,122112.16,122320.0,1462.74459
2025-10-08 15:00:00,122319.99,122622.55,121954.34,122189.72,559.46428
2025-10-08 16:00:00,122189.72,123129.23,122110.08,123051.03,641.94768
2025-10-08 17:00:00,123051.02,124164.36,122958.05,124033.19,1336.46427
2025-10-08 18:00:00,124033.19,124197.25,123415.58,123460.22,1152.35838
2025-10-08 19:00:00,123460.21,123759.94,123160.82,123450.0,664.75988
2025-10-08 20:00:00,123450.01,123737.0,122814.0,122856.69,673.60553
2025-10-08 21:00:00,122856.7,123332.01,122794.4,123277.33,261.93729
2025-10-08 22:00:00,123277.34,123416.73,123200.81,123200.82,132.25319
2025-10-08 23:00:00,123200.82,123537.11,123056.31,123306.0,289.55534
2025-10-09 00:00:00,123306.01,123348.32,122839.15,122839.15,383.1891
2025-10-09 01:00:00,122839.16,122857.32,122339.41,122548.23,649.56359
2025-10-09 02:00:00,122548.23,122548.23,121475.98,121617.81,831.85568
2025-10-09 03:00:00,121617.81,122120.28,121603.59,122038.01,454.57002
2025-10-09 04:00:00,122038.01,122264.0,121904.81,122144.7,328.47326
2025-10-09 05:00:00,122144.7,122196.99,121823.94,122100.92,394.74775
2025-10-09 06:00:00,122100.92,122185.98,121883.43,121957.32,336.40438
2025-10-09 07:00:00,121957.32,122067.61,121724.71,121906.1,391.52251
2025-10-09 08:00:00,121906.09,121960.97,121145.49,121261.62,951.24212
2025-10-09 09:00:00,121261.62,121855.44,121261.62,121813.04,495.55613
2025-10-09 10:00:00,121813.04,122340.0,121650.22,122170.27,462.62367
2025-10-09 11:00:00,122170.26,122833.02,122170.26,122737.57,780.01914
2025-10-09 12:00:00,122737.56,123762.94,122709.1,123563.38,1483.31285
2025-10-09 13:00:00,123563.38,123658.38,122277.76,122415.74,1233.13253
2025-10-09 14:00:00,122415.74,122608.0,120736.96,121315.0,2613.44219
2025-10-09 15:00:00,121315.01,121734.27,120673.99,121147.14,1236.17443
2025-10-09 16:00:00,121147.15,121481.9,119707.29,119819.77,2831.42858
2025-10-09 17:00:00,119819.76,121046.15,119651.47,120974.0,1671.39797
2025-10-09 18:00:00,120971.22,121100.0,120396.0,120649.32,956.31004
2025-10-09 19:00:00,120649.33,121108.12,120649.32,120951.72,714.9231
2025-10-09 20:00:00,120951.72,121199.97,120838.0,121109.09,743.67096
2025-10-09 21:00:00,121109.08,121512.7,121065.77,121461.02,436.22306
2025-10-09 22:00:00,121461.03,121768.01,121411.55,121686.19,467.98367
2025-10-09 23:00:00,121686.19,121900.0,121341.22,121662.4,711.59334
2025-10-10 00:00:00,121662.41,121863.74,121595.75,121745.27,292.90359
2025-10-10 01:00:00,121745.26,121874.13,121489.06,121623.97,353.28358
2025-10-10 02:00:00,121623.96,121651.33,120900.0,121059.73,812.25118
2025-10-10 03:00:00,121059.73,121575.99,120909.15,121026.01,636.2431
2025-10-10 04:00:00,121026.0,121388.58,121018.33,121234.51,480.17378
2025-10-10 05:00:00,121234.52,121604.49,120986.08,121583.89,503.29572
2025-10-10 06:00:00,121583.89,121754.34,121265.26,121378.18,687.86577
2025-10-10 07:00:00,121378.19,121388.61,120855.41,120932.05,895.21452
2025-10-10 08:00:00,120932.05,121660.43,120916.44,121631.54,433.113
2025-10-10 09:00:00,121631.54,121777.07,121276.56,121314.73,473.35018
2025-10-10 10:00:00,121314.73,121543.59,121228.83,121496.33,289.70624
2025-10-10 11:00:00,121496.34,121661.62,121424.5,121554.55,357.66752
2025-10-10 12:00:00,121554.55,121682.42,121420.0,121597.21,288.32785
2025-10-10 13:00:00,121597.22,122550.0,121384.6,121684.2,1452.77007
2025-10-10 14:00:00,121684.18,122069.76,120479.2,120493.17,1335.80488
2025-10-10 15:00:00,120493.16,120626.55,118500.0,119018.98,4690.68973
2025-10-10 16:00:00,119018.99,119456.28,118205.6,118205.61,2074.44286
2025-10-10 17:00:00,118205.61,118427.51,117579.79,117623.8,2197.93519
2025-10-10 18:00:00,117623.8,117851.5,117237.0,117237.7,1448.7532
2025-10-10 19:00:00,117237.7,117341.92,115952.47,116661.5,2733.41302
2025-10-10 20:00:00,116661.5,117214.64,113039.0,114266.82,4454.56036
2025-10-10 21:00:00,114266.82,115112.69,102000.0,113451.86,22932.63034
2025-10-10 22:00:00,113451.87,114109.03,110879.69,113700.0,9370.17448
2025-10-10 23:00:00,113700.0,114807.41,112652.76,112774.5,4977.36911
2025-10-11 00:00:00,112774.49,113178.66,111620.3,112514.58,3620.32878
2025-10-11 01:00:00,112514.57,112530.01,111019.43,111095.37,2796.42603
2025-10-11 02:00:00,111095.38,113297.92,111082.0,113196.48,2926.55879
2025-10-11 03:00:00,113196.48,113322.39,111800.0,112300.01,2190.21309
2025-10-11 04:00:00,112300.0,112991.16,111700.0,112945.79,1446.73937
2025-10-11 05:00:00,112945.79,112945.79,111992.85,112389.48,1256.8701
2025-10-11 06:00:00,112389.48,112753.91,112000.0,112045.99,1208.64004
2025-10-11 07:00:00,112046.0,112084.61,110090.29,110384.61,3230.51321
2025-10-11 08:00:00,110384.6,111535.29,110162.23,111328.38,1981.19694
2025-10-11 09:00:00,111328.38,111887.19,111274.41,111642.78,1627.2836
2025-10-11 10:00:00,111642.78,112271.34,111621.77,112114.64,1350.7519
2025-10-11 11:00:00,112114.63,112359.67,111700.0,112280.0,969.90748
2025-10-11 12:00:00,112280.01,112466.66,112037.98,112380.14,997.55713
2025-10-11 13:00:00,112380.13,112500.0,111890.33,112267.86,973.48531
2025-10-11 14:00:00,112267.86,112342.11,111890.29,111991.97,1058.55252
2025-10-11 15:00:00,111991.97,112385.93,111793.2,111793.2,651.64855
2025-10-11 16:00:00,111793.21,112089.92,111442.91,111846.18,834.57688
2025-10-11 17:00:00,111846.18,112185.53,111715.99,112005.57,678.72551
2025-10-11 18:00:00,112005.56,112025.4,111836.45,111955.27,292.78948
2025-10-11 19:00:00,111955.27,112025.4,110865.82,111178.31,1332.81972
2025-10-11 20:00:00,111178.3,111368.29,109653.65,110244.98,1752.53778
2025-10-11 21:00:00,110244.98,111000.0,109561.59,110893.54,1099.41658
2025-10-11 22:00:00,110893.55,111291.61,110652.0,111043.27,571.096
2025-10-11 23:00:00,111043.26,111114.46,110644.0,110644.4,599.88173
2025-10-12 00:00:00,110644.4,110685.63,109565.06,109641.54,1171.55172
2025-10-12 01:00:00,109641.54,110318.01,109641.46,109978.56,1205.41028
2025-10-12 02:00:00,109978.56,110708.89,109600.0,110119.02,1047.04823
2025-10-12 03:00:00,110119.02,111368.14,110002.2,110676.0,1361.57401
2025-10-12 04:00:00,110676.0,111957.14,110617.1,111524.87,887.82401
2025-10-12 05:00:00,111524.87,111816.04,111188.0,111700.38,537.50918
2025-10-12 06:00:00,111700.38,112125.51,111616.0,111686.01,764.04714
2025-10-12 07:00:00,111686.02,111933.85,111491.09,111525.2,541.91728
2025-10-12 08:00:00,111525.19,111798.99,111300.0,111310.9,573.49914
2025-10-12 09:00:00,111310.9,111920.01,111139.87,111837.04,596.04536
2025-10-12 10:00:00,111837.05,112026.63,111450.0,111651.64,536.97781
2025-10-12 11:00:00,111651.64,112133.33,111477.61,111848.36,1104.29864
2025-10-12 12:00:00,111848.35,112250.0,111555.0,111789.6,1014.55206
2025-10-12 13:00:00,111789.61,111934.51,111265.99,111297.52,1163.81644
2025-10-12 14:00:00,111297.51,112990.9,111177.75,112338.1,2798.771
2025-10-12 15:00:00,112338.11,113745.84,112078.0,113198.2,4043.27714
2025-10-12 16:00:00,113198.2,114700.0,113198.2,114069.35,3600.56207
2025-10-12 17:00:00,114069.35,114466.94,113516.38,113799.99,1614.34137
2025-10-12 18:00:00,113799.99,114236.87,113553.81,113878.93,817.9254
2025-10-12 19:00:00,113878.93,114396.69,113826.65,114342.28,602.52008
2025-10-12 20:00:00,114342.28,115468.65,114342.27,114927.97,1817.36254
2025-10-12 21:00:00,114927.97,115600.0,114217.75,114882.06,1611.66087
2025-10-12 22:00:00,114882.06,115770.0,114882.06,115221.4,1743.39625
2025-10-12 23:00:00,115221.4,115350.8,114733.65,114958.8,1099.4147
2025-10-13 00:00:00,114958.81,115888.0,114766.69,115280.84,1480.23716
2025-10-13 01:00:00,115280.83,115750.0,115079.18,115713.32,814.49823
2025-10-13 02:00:00,115713.31,115963.81,115001.62,115319.97,982.84078
2025-10-13 03:00:00,115319.98,115613.7,114619.45,114821.12,846.03241
2025-10-13 04:00:00,114821.13,115000.0,114398.24,114708.15,1086.01022
2025-10-13 05:00:00,114708.15,114834.7,114500.02,114611.82,834.97755
2025-10-13 06:00:00,114611.82,115379.84,114417.77,115221.22,599.41221
2025-10-13 07:00:00,115221.23,115554.83,115034.0,115399.67,916.61315
2025-10-13 08:00:00,115399.66,115438.17,115138.0,115254.23,644.85187
2025-10-13 09:00:00,115254.23,115254.23,114748.38,115127.04,1037.56556
2025-10-13 10:00:00,115127.05,115162.0,114740.34,114810.62,896.68402
2025-10-13 11:00:00,114810.61,114810.61,113616.5,114180.0,1981.76101
2025-10-13 12:00:00,114180.0,114748.97,113931.16,114412.26,1209.47056
2025-10-13 13:00:00,114412.25,115530.0,114220.07,115345.79,1815.19891
2025-10-13 14:00:00,115345.79,115476.18,113800.01,114036.63,1434.88366
2025-10-13 15:00:00,114036.63,114727.95,113968.02,114312.1,1078.57574
2025-10-13 16:00:00,114312.09,115174.0,114270.89,114669.24,985.04262
2025-10-13 17:00:00,114669.25,115053.43,114215.79,115040.55,669.90056
2025-10-13 18:00:00,115040.55,115377.48,114710.0,115160.63,724.92234
2025-10-13 19:00:00,115160.63,115891.3,115070.0,115792.84,989.05749
2025-10-13 20:00:00,115792.84,115868.0,115400.0,115713.37,419.35754
2025-10-13 21:00:00,115713.37,115786.04,115553.33,115700.0,221.7783
2025-10-13 22:00:00,115700.0,115835.04,115442.67,115507.19,332.95022
2025-10-13 23:00:00,115507.2,115507.2,115005.44,115166.0,554.61822
2025-10-14 00:00:00,115166.0,115409.96,114871.93,114959.03,759.03973
2025-10-14 01:00:00,114959.02,114991.99,114137.93,114274.57,705.31924
2025-10-14 02:00:00,114274.57,114298.08,113647.05,113647.05,851.40075
2025-10-14 03:00:00,113647.05,113700.0,113279.76,113500.0,1141.08489
2025-10-14 04:00:00,113500.0,113599.99,112787.0,113062.09,1189.90441
2025-10-14 05:00:00,113062.09,113691.0,112390.0,112493.11,1796.26245
2025-10-14 06:00:00,112493.1,112699.21,111355.01,111987.38,1853.68057
2025-10-14 07:00:00,111987.39,112194.0,111445.72,111724.41,1446.45172
2025-10-14 08:00:00,111724.41,112140.0,111513.63,111803.33,979.88421
2025-10-14 09:00:00,111803.33,112000.0,111055.91,111287.89,937.93171
2025-10-14 10:00:00,111287.9,111336.11,110012.24,110623.58,1937.91268
2025-10-14 11:00:00,110623.58,111630.28,110614.25,111313.98,1426.10618
2025-10-14 12:00:00,111313.98,111361.15,110737.29,110803.28,976.90627
2025-10-14 13:00:00,110803.29,111329.71,109866.0,111014.38,2420.02151
2025-10-14 14:00:00,111014.38,112200.0,110905.73,111435.21,2108.64964
2025-10-14 15:00:00,111435.2,112943.82,111062.15,112900.43,1681.40989
2025-10-14 16:00:00,112900.44,113187.62,112189.42,112328.83,2429.54292
2025-10-14 17:00:00,112328.83,112933.65,111692.31,112774.97,2031.41315
2025-10-14 18:00:00,112774.98,113450.0,112662.72,112861.36,1289.26282
2025-10-14 19:00:00,112861.36,113544.53,112021.59,112613.7,1685.79274
2025-10-14 20:00:00,112613.69,113008.47,112230.46,112992.87,564.85759
2025-10-14 21:00:00,112992.88,113186.0,112683.58,113128.7,561.06072
2025-10-14 22:00:00,113128.7,113577.0,112822.16,113211.87,588.63193
2025-10-14 23:00:00,113211.87,113520.0,112998.22,113028.14,507.80202
2025-10-15 00:00:00,113028.13,113112.41,112602.02,112993.86,1081.3257
2025-10-15 01:00:00,112993.85,113005.57,112326.26,112738.17,870.72777
2025-10-15 02:00:00,112738.17,113612.35,112673.9,112809.94,812.09712
2025-10-15 03:00:00,112809.94,112866.77,111825.93,112024.29,762.39853
2025-10-15 04:00:00,112024.3,112465.5,111746.76,112344.81,1145.73005
2025-10-15 05:00:00,112344.81,112659.0,112188.74,112431.95,623.36683
2025-10-15 06:00:00,112431.95,112563.8,111896.07,112460.47,740.50832
2025-10-15 07:00:00,112460.48,112680.0,112235.76,112584.5,932.59854
2025-10-15 08:00:00,112584.49,113520.88,112550.0,112944.85,1236.8164
2025-10-15 09:00:00,112944.84,113127.39,112380.8,112564.01,848.43925
2025-10-15 10:00:00,112564.0,112645.61,112072.86,112266.71,847.65271
2025-10-15 11:00:00,112266.7,112600.0,111693.26,111905.73,766.17498
2025-10-15 12:00:00,111905.72,112085.68,111400.0,111711.25,1005.50463
2025-10-15 13:00:00,111711.25,112011.75,110725.4,111389.0,1971.0633
2025-10-15 14:00:00,111389.01,112238.41,110800.0,111059.76,1777.74911
2025-10-15 15:00:00,111059.77,111588.69,110400.0,110798.01,1836.18334
2025-10-15 16:00:00,110798.01,111125.18,110602.8,110748.0,830.13195
2025-10-15 17:00:00,110748.0,111186.78,110164.0,111186.78,1335.06163
2025-10-15 18:00:00,111186.77,111512.41,110826.21,111444.76,562.70484
2025-10-15 19:00:00,111444.76,111557.7,111099.33,111271.73,589.84937
2025-10-15 20:00:00,111271.73,111556.27,110515.84,111109.76,852.76487
2025-10-15 21:00:00,111109.77,111424.69,110500.0,110854.19,779.36355
2025-10-15 22:00:00,110854.2,111395.82,110667.97,110667.97,422.7399
2025-10-15 23:00:00,110667.97,111006.0,110590.1,110763.28,355.53542
2025-10-16 00:00:00,110763.28,110856.11,110361.0,110431.27,753.8893
2025-10-16 01:00:00,110431.27,111330.0,110417.32,111299.99,776.36767
2025-10-16 02:00:00,111300.0,111562.24,111014.12,111510.43,544.40968
2025-10-16 03:00:00,111510.43,111867.17,111271.49,111329.48,640.75803
2025-10-16 04:00:00,111329.48,111675.21,110800.88,110966.03,573.55869
2025-10-16 05:00:00,110966.03,111485.03,110750.0,110951.14,831.0631
2025-10-16 06:00:00,110951.13,111716.86,110922.17,111666.83,576.47831
2025-10-16 07:00:00,111666.83,111773.7,110553.19,110584.2,1116.0425
2025-10-16 08:00:00,110584.21,110893.91,110405.0,110817.5,898.50628
2025-10-16 09:00:00,110817.5,111633.14,109635.15,111146.31,2599.38969
2025-10-16 10:00:00,111146.31,111728.7,111021.02,111469.63,1021.52177
2025-10-16 11:00:00,111469.63,111567.85,111001.44,111404.72,762.70034
2025-10-16 12:00:00,111404.73,111982.45,111332.18,111519.07,925.41606
2025-10-16 13:00:00,111519.08,111548.0,110684.32,110860.0,1245.15513
2025-10-16 14:00:00,110860.0,111420.02,109728.0,110529.34,2218.73
2025-10-16 15:00:00,110529.35,110727.35,108361.69,108549.21,3863.5105
2025-10-16 16:00:00,108549.21,109254.0,107577.57,109232.43,3658.11859
2025-10-16 17:00:00,109232.43,109244.91,108227.54,108276.7,1542.50028
2025-10-16 18:00:00,108276.69,108656.3,107680.0,108656.19,1228.35335
2025-10-16 19:00:00,108656.19,108751.02,107685.4,108197.66,1826.2967
2025-10-16 20:00:00,108197.67,108424.11,107427.0,107838.01,941.04286
2025-10-16 21:00:00,107838.0,108463.31,107592.0,108443.7,490.84182
2025-10-16 22:00:00,108443.71,108500.0,107783.76,107798.85,451.11345
2025-10-16 23:00:00,107798.85,108420.73,107736.56,108194.28,371.40842
2025-10-17 00:00:00,108194.27,108849.19,107934.4,108800.0,657.03622
2025-10-17 01:00:00,108799.99,109115.08,108506.79,108839.84,663.22366
2025-10-17 02:00:00,108839.84,109082.8,108390.21,108972.97,559.71151
2025-10-17 03:00:00,108972.98,109240.0,108910.45,109176.74,537.9217
2025-10-17 04:00:00,109176.74,109236.01,108786.0,108787.26,487.87266
2025-10-17 05:00:00,108787.26,108926.06,108299.12,108381.76,800.45747
2025-10-17 06:00:00,108381.75,108519.49,106639.79,106741.28,2840.49166
2025-10-17 07:00:00,106741.28,106901.85,105542.09,105633.75,3891.25354
2025-10-17 08:00:00,105633.75,105716.15,104505.0,104884.38,4632.98336
2025-10-17 09:00:00,104884.38,105626.67,104520.7,104531.35,2034.60892
2025-10-17 10:00:00,104530.0,104926.19,103528.23,104751.99,3620.28453
2025-10-17 11:00:00,104751.99,106651.22,104674.0,105683.72,3620.45641
2025-10-17 12:00:00,105683.71,106070.14,105227.45,105350.4,1384.38576
2025-10-17 13:00:00,105350.4,106166.0,104876.19,105835.63,2340.35273
2025-10-17 14:00:00,105835.62,105989.01,104533.21,105163.42,1894.44771
2025-10-17 15:00:00,105163.41,106852.14,105087.29,106803.53,2228.15693
2025-10-17 16:00:00,106803.52,107575.6,106239.75,106372.34,1909.04788
2025-10-17 17:00:00,106372.34,106729.0,106071.42,106453.27,723.50939
2025-10-17 18:00:00,106453.26,107089.99,106453.26,106647.11,761.17199
2025-10-17 19:00:00,106647.11,106889.11,106233.65,106454.72,522.73818
2025-10-17 20:00:00,106457.24,107177.08,106342.47,107021.37,502.81407
2025-10-17 21:00:00,107021.38,107440.02,107016.87,107301.4,474.97927
2025-10-17 22:00:00,107301.41,107415.73,106807.5,107000.1,467.14
2025-10-17 23:00:00,107000.09,107000.1,106392.08,106431.68,365.62283
2025-10-18 00:00:00,106431.68,106845.52,106322.2,106845.52,471.69377
2025-10-18 01:00:00,106845.52,107306.06,106824.0,107149.3,525.1252
2025-10-18 02:00:00,107149.3,107297.87,106493.23,106597.98,923.59727
2025-10-18 03:00:00,106597.97,107126.55,106573.6,107070.4,747.88716
2025-10-18 04:00:00,107070.41,107070.41,106439.38,106478.71,738.59104
2025-10-18 05:00:00,106478.66,106842.5,106478.66,106812.52,357.02039
2025-10-18 06:00:00,106812.52,106950.0,106711.95,106839.96,582.06053
2025-10-18 07:00:00,106839.97,107499.0,106607.2,106665.0,1298.66311
2025-10-18 08:00:00,106665.01,106966.62,106605.93,106719.2,1204.63747
2025-10-18 09:00:00,106719.2,106938.0,106629.66,106884.41,371.44202
2025-10-18 10:00:00,106884.41,107145.81,106788.41,106924.47,365.7402
2025-10-18 11:00:00,106924.47,107222.0,106770.0,107208.6,394.9085
2025-10-18 12:00:00,107208.61,107300.0,106965.23,107065.17,265.11201
2025-10-18 13:00:00,107065.17,107102.14,106810.0,106888.78,270.57628
2025-10-18 14:00:00,106888.77,107111.11,106739.33,107028.36,552.94765
2025-10-18 15:00:00,107028.37,107146.18,106815.86,106948.75,336.98269
2025-10-18 16:00:00,106948.75,107063.89,106484.0,106664.01,353.04791
2025-10-18 17:00:00,106664.01,106955.79,106567.95,106880.03,246.03342
2025-10-18 18:00:00,106880.04,106920.0,106722.72,106843.75,158.99856
2025-10-18 19:00:00,106843.75,107091.87,106762.83,107080.14,153.17902
2025-10-18 20:00:00,107080.14,107339.03,107000.0,107018.51,262.63077
2025-10-18 21:00:00,107018.5,107220.24,106851.84,107177.05,198.46296
2025-10-18 22:00:00,107177.05,107283.71,107067.54,107125.87,219.09125
2025-10-18 23:00:00,107125.88,107200.0,107014.58,107185.01,124.75848
2025-10-19 00:00:00,107185.0,107267.2,106755.88,106898.03,393.96341
2025-10-19 01:00:00,106898.03,106988.81,106734.17,106973.26,184.14483
2025-10-19 02:00:00,106973.27,107000.0,106805.05,106847.02,121.85742
2025-10-19 03:00:00,106847.03,107367.16,106802.32,107275.78,358.14644
2025-10-19 04:00:00,107275.79,107290.0,106949.9,107046.9,256.58858
2025-10-19 05:00:00,107046.89,107180.0,106794.23,106888.59,516.95583
2025-10-19 06:00:00,106888.6,106909.98,106558.61,106777.75,315.62124
2025-10-19 07:00:00,106777.75,106912.08,106702.0,106786.0,158.03024
2025-10-19 08:00:00,106786.0,107203.29,106278.74,106443.95,969.35569
2025-10-19 09:00:00,106443.96,108213.04,106103.36,107401.47,2187.761
2025-10-19 10:00:00,107401.47,107887.99,106999.57,107882.71,889.9682
2025-10-19 11:00:00,107882.71,108260.5,107633.05,107783.47,1012.47378
2025-10-19 12:00:00,107783.47,107859.42,107421.9,107631.43,816.5887
2025-10-19 13:00:00,107631.43,108227.44,107355.02,108096.34,912.20232
2025-10-19 14:00:00,108096.33,108508.0,107887.28,108405.47,1356.8762
2025-10-19 15:00:00,108405.47,108621.68,108328.25,108486.7,550.80586
2025-10-19 16:00:00,108486.71,108988.27,108240.0,108624.19,746.0028
2025-10-19 17:00:00,108624.19,109437.43,108615.2,109113.52,842.94186
2025-10-19 18:00:00,109113.53,109450.07,109037.5,109383.01,390.21394
2025-10-19 19:00:00,109383.0,109383.01,108800.57,108908.43,451.40437
2025-10-19 20:00:00,108908.43,108984.9,108810.17,108845.06,661.43199
2025-10-19 21:00:00,108845.07,108869.87,108620.0,108744.82,272.94763
2025-10-19 22:00:00,108744.83,109370.99,108744.83,109146.8,673.56143
2025-10-19 23:00:00,109146.8,109146.8,108471.1,108642.78,440.82047
2025-10-20 00:00:00,108642.77,108642.77,107402.52,108047.46,1198.8653
2025-10-20 01:00:00,108047.46,108276.04,107894.0,108053.58,602.84285
2025-10-20 02:00:00,108053.57,108970.51,107854.71,108767.02,605.86943
2025-10-20 03:00:00,108767.03,110427.86,108571.59,110145.44,1275.9775
2025-10-20 04:00:00,110145.45,110535.13,109951.96,110422.1,865.34314
2025-10-20 05:00:00,110422.1,111111.0,110291.27,111033.79,991.81207
2025-10-20 06:00:00,111033.79,111377.34,111001.91,111298.55,1196.86696
2025-10-20 07:00:00,111298.55,111445.67,111050.78,111169.92,913.95455
2025-10-20 08:00:00,111169.91,111679.25,110943.4,111097.15,925.77025
2025-10-20 09:00:00,111097.16,111200.0,110691.96,110964.13,1095.42239
2025-10-20 10:00:00,110964.14,111098.01,110612.0,110731.78,644.26773
2025-10-20 11:00:00,110731.78,111026.93,110608.27,111016.75,787.40667
2025-10-20 12:00:00,111016.75,111203.06,110780.0,110843.81,425.00243
2025-10-20 13:00:00,110843.82,111203.06,110588.23,111161.35,666.08434
2025-10-20 14:00:00,111161.35,111395.84,110736.0,111210.86,911.55485
2025-10-20 15:00:00,111210.86,111705.56,111001.34,111144.55,1003.56342
2025-10-20 16:00:00,111144.55,111303.05,110110.0,110683.19,1717.87854
2025-10-20 17:00:00,110683.2,111071.4,109855.83,110282.76,1077.4169
2025-10-20 18:00:00,110282.76,110968.98,110220.0,110937.92,457.18317
2025-10-20 19:00:00,110937.92,111067.33,110542.0,110803.22,464.17808
2025-10-20 20:00:00,110803.22,111272.0,110665.03,111091.46,480.99811
2025-10-20 21:00:00,111091.46,111243.64,110464.91,110563.2,332.06604
2025-10-20 22:00:00,110563.2,110867.39,110418.25,110794.08,267.98447
2025-10-20 23:00:00,110794.08,110828.75,110521.85,110532.09,285.13241
2025-10-21 00:00:00,110532.09,110532.09,110168.0,110446.69,437.52159
2025-10-21 01:00:00,110446.68,110489.41,109555.0,109863.19,677.1117
2025-10-21 02:00:00,109863.18,109922.89,109303.86,109514.92,773.29938
2025-10-21 03:00:00,109514.92,109620.31,109052.09,109059.22,517.88075
2025-10-21 04:00:00,109059.23,109059.23,107650.94,107779.7,1936.39331
2025-10-21 05:00:00,107779.71,107979.46,107473.72,107537.12,1531.85421
2025-10-21 06:00:00,107537.12,108200.0,107499.19,107909.79,754.26623
2025-10-21 07:00:00,107909.79,108200.0,107645.21,108086.37,707.81305
2025-10-21 08:00:00,108086.38,108098.72,107484.22,107695.79,804.21106
2025-10-21 09:00:00,107695.79,107866.72,107540.09,107754.27,543.10308
2025-10-21 10:00:00,107754.27,108811.47,107580.0,108499.56,1096.0073
2025-10-21 11:00:00,108499.56,108639.76,108169.81,108580.01,546.40513
2025-10-21 12:00:00,108580.0,109485.78,108466.48,108793.4,1229.63283
2025-10-21 13:00:00,108793.39,108913.68,107922.06,108426.98,1261.1868
2025-10-21 14:00:00,108426.98,112290.31,108408.0,112170.52,3335.7283
2025-10-21 15:00:00,112170.52,113557.62,111716.91,113422.61,4175.55944
2025-10-21 16:00:00,113422.6,114000.0,112465.33,112565.88,2654.63776
2025-10-21 17:00:00,112565.88,112993.67,111813.18,111973.42,5531.17962
2025-10-21 18:00:00,111973.41,112297.14,111324.29,111990.55,1962.19243
2025-10-21 19:00:00,111990.55,112200.0,111562.94,111780.39,583.46835
2025-10-21 20:00:00,111780.4,111801.41,110554.22,110787.56,1166.16267
2025-10-21 21:00:00,110787.56,111111.0,110111.0,110816.32,986.90737
2025-10-21 22:00:00,110816.33,110816.33,108271.68,109066.98,2484.48697
2025-10-21 23:00:00,109066.98,109423.19,108045.81,108297.67,1531.00726
2025-10-22 00:00:00,108297.66,108643.61,107841.2,107986.14,1537.60176
2025-10-22 01:00:00,107986.15,108460.02,107986.14,108364.21,1493.26761
2025-10-22 02:00:00,108364.22,108678.21,108198.85,108198.85,699.65823
2025-10-22 03:00:00,108198.85,108219.12,107860.92,108216.02,1121.03699
2025-10-22 04:00:00,108216.03,108635.92,108162.09,108625.6,696.45277
2025-10-22 05:00:00,108625.61,108638.99,107879.93,108166.81,1434.44211
2025-10-22 06:00:00,108166.82,108331.75,107945.5,107980.02,675.25677
2025-10-22 07:00:00,107980.02,108321.64,107610.0,108321.63,1077.00799
2025-10-22 08:00:00,108321.64,108358.76,108079.86,108229.3,505.66169
2025-10-22 09:00:00,108229.3,108274.43,107773.89,107963.13,557.31037
2025-10-22 10:00:00,107963.12,108114.8,107650.0,107657.98,497.00462
2025-10-22 11:00:00,107657.98,108207.99,106708.18,107555.05,2452.68318
2025-10-22 12:00:00,107555.04,108399.0,107443.01,108044.96,841.76229
2025-10-22 13:00:00,108044.96,109014.34,107630.39,108783.36,1889.17586
2025-10-22 14:00:00,108783.35,108998.0,107500.0,108947.5,3240.71769
2025-10-22 15:00:00,108947.49,109163.88,107737.04,108416.5,1954.01743
2025-10-22 16:00:00,108416.5,108796.42,107877.27,108226.0,1590.12287
2025-10-22 17:00:00,108226.0,108339.89,107566.65,107778.45,913.68528
2025-10-22 18:00:00,107778.45,108200.0,107463.29,108023.33,668.80381
2025-10-22 19:00:00,108023.33,108411.61,107685.61,107870.35,835.44242
2025-10-22 20:00:00,107870.35,108069.93,107500.0,107696.03,1003.6717
2025-10-22 21:00:00,107696.03,107749.02,106666.69,107207.98,1548.13803
2025-10-22 22:00:00,107207.98,107683.25,106917.57,107196.82,742.32871
2025-10-22 23:00:00,107196.82,107946.15,107169.69,107567.44,635.53433
2025-10-23 00:00:00,107567.45,107980.52,107500.0,107845.3,396.0602
2025-10-23 01:00:00,107845.3,108500.0,107813.2,108150.0,1012.18554
2025-10-23 02:00:00,108150.01,108410.3,108058.66,108410.29,360.75702
2025-10-23 03:00:00,108410.29,108720.39,108323.59,108377.96,604.50041
2025-10-23 04:00:00,108377.96,108940.33,108350.36,108644.32,394.82009
2025-10-23 05:00:00,108644.31,108991.81,108622.05,108940.58,448.44483
2025-10-23 06:00:00,108940.58,110298.29,108849.07,110246.94,1472.3024
2025-10-23 07:00:00,110246.93,110273.48,109207.75,109269.9,999.21853
2025-10-23 08:00:00,109269.9,109903.83,109245.48,109505.44,737.41671
2025-10-23 09:00:00,109505.45,109545.76,109123.01,109426.99,503.07972
2025-10-23 10:00:00,109427.0,109701.9,109370.05,109439.2,401.4903
2025-10-23 11:00:00,109439.2,109655.89,109100.4,109253.89,562.0243
2025-10-23 12:00:00,109253.88,109253.89,108685.72,109164.94,953.31213
2025-10-23 13:00:00,109164.95,109650.01,108800.01,109500.62,1286.55668
2025-10-23 14:00:00,109500.62,109851.62,108723.13,109594.9,1111.45274
2025-10-23 15:00:00,109594.9,110109.99,109486.38,109908.28,933.2687
2025-10-23 16:00:00,109908.29,110576.5,109647.34,110263.74,883.87893
2025-10-23 17:00:00,110263.74,111293.61,109650.0,111241.71,1605.70962
2025-10-23 18:00:00,111241.71,111289.36,110261.48,110571.66,761.73368
2025-10-23 19:00:00,110571.66,110619.9,110106.0,110200.0,388.99846
2025-10-23 20:00:00,110200.01,110200.01,109341.28,109524.81,629.20848
2025-10-23 21:00:00,109524.81,109727.22,109380.12,109532.97,424.08473
2025-10-23 22:00:00,109532.96,110158.37,109517.37,109943.94,443.21336
2025-10-23 23:00:00,109943.95,110099.17,109839.0,110078.18,259.37538
2025-10-24 00:00:00,110078.19,110709.22,109983.93,110500.28,531.07612
2025-10-24 01:00:00,110500.29,110665.53,110141.38,110585.08,371.9999
2025-10-24 02:00:00,110585.09,110829.67,110358.34,110570.12,303.69215
2025-10-24 03:00:00,110570.13,110630.81,110274.85,110441.46,332.11629
2025-10-24 04:00:00,110441.46,111470.32,110332.0,111178.55,958.63918
2025-10-24 05:00:00,111178.54,111310.31,110941.02,111261.36,515.30958
2025-10-24 06:00:00,111261.37,111488.0,111120.71,111464.36,480.6909
2025-10-24 07:00:00,111464.36,111522.3,110768.23,111054.61,750.55477
2025-10-24 08:00:00,111054.61,111226.02,110680.01,111097.8,627.57826
2025-10-24 09:00:00,111097.79,111482.99,111000.0,111324.51,446.13074
2025-10-24 10:00:00,111324.51,111325.42,111069.46,111114.03,346.40996
2025-10-24 11:00:00,111114.03,111267.99,110600.0,111066.29,561.52762
2025-10-24 12:00:00,111066.29,112104.98,110867.15,111297.01,1692.92113
2025-10-24 13:00:00,111297.02,111451.47,110379.51,110937.94,1200.08389
2025-10-24 14:00:00,110937.94,110937.95,109700.01,110219.17,1902.54077
2025-10-24 15:00:00,110219.17,110620.0,109896.51,110046.91,737.57678
2025-10-24 16:00:00,110046.92,110387.79,109797.13,110261.81,441.40283
2025-10-24 17:00:00,110261.81,110571.18,110180.74,110235.22,368.64619
2025-10-24 18:00:00,110235.22,110639.04,110166.0,110619.39,336.10914
2025-10-24 19:00:00,110619.39,110945.39,110525.06,110615.07,323.90966
2025-10-24 20:00:00,110615.07,111025.95,110478.0,110893.7,514.0647
2025-10-24 21:00:00,110893.69,111100.0,110646.64,111085.57,915.59401
2025-10-24 22:00:00,111085.57,111138.62,110927.23,111023.01,203.9224
2025-10-24 23:00:00,111023.01,111123.87,110882.05,111004.89,142.67216
2025-10-25 00:00:00,111004.9,111044.86,110672.86,110766.6,210.6583
2025-10-25 01:00:00,110766.61,111226.67,110750.0,111070.31,235.37952
2025-10-25 02:00:00,111070.31,111128.91,110950.02,111025.77,134.00021
2025-10-25 03:00:00,111025.77,111136.65,110998.21,111029.99,249.3111
2025-10-25 04:00:00,111029.99,111458.81,111029.99,111228.0,411.01306
2025-10-25 05:00:00,111228.0,111433.54,111093.99,111386.79,235.19046
2025-10-25 06:00:00,111386.78,111497.1,111261.01,111366.42,334.48878
2025-10-25 07:00:00,111366.43,111820.87,111366.43,111489.6,436.39799
2025-10-25 08:00:00,111489.59,111805.1,111488.44,111763.8,348.94057
2025-10-25 09:00:00,111763.81,111850.13,111491.62,111521.47,474.02907
2025-10-25 10:00:00,111521.47,111718.99,111375.81,111559.94,382.43284
2025-10-25 11:00:00,111559.94,111664.0,111480.68,111563.81,172.78406
2025-10-25 12:00:00,111563.81,111943.19,111530.38,111899.03,363.41104
2025-10-25 13:00:00,111899.03,111916.0,111520.0,111680.91,355.08597
2025-10-25 14:00:00,111680.92,111765.97,111520.01,111591.19,216.60101
2025-10-25 15:00:00,111591.2,111591.2,111311.19,111385.18,318.98695
2025-10-25 16:00:00,111385.18,111479.99,111164.39,111372.25,430.41077
2025-10-25 17:00:00,111372.25,111451.16,111300.0,111374.96,134.57742
2025-10-25 18:00:00,111374.97,111731.78,111317.34,111719.98,227.92326
2025-10-25 19:00:00,111719.98,111720.0,111579.75,111623.45,170.60799
2025-10-25 20:00:00,111623.46,111659.39,111370.0,111431.94,154.33849
2025-10-25 21:00:00,111431.94,111477.76,111342.25,111477.76,133.46965
2025-10-25 22:00:00,111477.76,111683.64,111409.54,111621.69,159.63737
2025-10-25 23:00:00,111621.69,111675.49,111535.48,111646.27,118.29276
2025-10-26 00:00:00,111646.27,111899.56,111544.15,111715.98,370.92714
2025-10-26 01:00:00,111715.98,111835.85,111520.0,111644.42,270.69687
2025-10-26 02:00:00,111644.41,111687.37,111408.54,111448.85,214.46307
2025-10-26 03:00:00,111448.85,111500.0,111260.45,111260.46,170.69475
2025-10-26 04:00:00,111260.46,111479.99,111260.46,111430.4,129.38461
2025-10-26 05:00:00,111430.39,111650.9,111367.19,111615.32,209.94274
2025-10-26 06:00:00,111615.33,111686.65,111548.75,111635.95,156.20448
2025-10-26 07:00:00,111635.96,111724.96,111620.02,111723.98,169.97811
2025-10-26 08:00:00,111723.98,111850.0,111723.98,111776.94,240.40616
2025-10-26 09:00:00,111776.94,112779.81,111708.63,112528.83,1330.29795
2025-10-26 10:00:00,112528.82,112571.26,112189.33,112477.1,337.77399
2025-10-26 11:00:00,112477.11,113466.23,112430.56,113286.09,1079.09408
2025-10-26 12:00:00,113286.09,113827.02,113279.85,113575.05,1229.55057
2025-10-26 13:00:00,113575.06,114000.0,113283.8,113711.53,1099.62143
2025-10-26 14:00:00,113711.53,113885.27,113544.02,113575.36,739.58798
2025-10-26 15:00:00,113575.35,113725.48,113425.87,113694.97,437.55153
2025-10-26 16:00:00,113694.97,113761.98,113290.62,113517.53,556.71599
2025-10-26 17:00:00,113517.54,113747.85,113442.12,113442.13,319.42533
2025-10-26 18:00:00,113442.14,113793.93,113442.13,113575.15,279.3019
2025-10-26 19:00:00,113575.15,113720.63,113503.82,113585.99,204.67267
2025-10-26 20:00:00,113585.98,113585.98,113283.11,113320.8,248.1548
2025-10-26 21:00:00,113320.8,113590.48,112901.0,113497.06,464.11186
2025-10-26 22:00:00,113497.06,115466.8,113497.06,114681.33,2524.96249
2025-10-26 23:00:00,114681.34,114966.15,114385.13,114559.4,670.95687
2025-10-27 00:00:00,114559.41,115176.47,114362.26,114767.29,1142.27258
2025-10-27 01:00:00,114767.28,115388.96,114710.92,115284.01,725.93495
2025-10-27 02:00:00,115284.01,115445.39,114815.6,114883.39,826.25748
2025-10-27 03:00:00,114883.4,115242.65,114829.48,114958.51,587.18766
2025-10-27 04:00:00,114958.52,115283.27,114938.01,115256.44,400.40691
2025-10-27 05:00:00,115256.43,115652.89,115256.43,115556.57,828.01463
2025-10-27 06:00:00,115556.56,116129.5,115361.65,116053.49,1794.85942
2025-10-27 07:00:00,116053.5,116400.0,115489.53,115554.6,2455.66454
2025-10-27 08:00:00,115554.59,115607.48,114900.0,115014.88,1249.66033
2025-10-27 09:00:00,115014.88,115356.99,114814.69,115254.01,1148.54888
2025-10-27 10:00:00,115254.01,115550.02,115120.9,115447.94,557.73562
2025-10-27 11:00:00,115447.93,115528.74,115128.04,115362.02,745.97843
2025-10-27 12:00:00,115362.02,115437.48,115000.0,115065.67,1172.23501
2025-10-27 13:00:00,115065.96,115415.99,114566.83,115264.28,1010.17279
2025-10-27 14:00:00,115264.29,115358.0,114503.99,114810.05,987.16577
2025-10-27 15:00:00,114810.06,115224.44,114778.0,114969.68,1323.86576
2025-10-27 16:00:00,114969.68,115636.86,114872.12,115497.57,818.25063
2025-10-27 17:00:00,115497.57,115706.06,115311.19,115706.06,442.08673
2025-10-27 18:00:00,115706.06,115790.0,115325.0,115342.19,400.61809
2025-10-27 19:00:00,115342.18,115342.19,114790.81,114942.64,597.25209
2025-10-27 20:00:00,114942.64,114942.64,114408.0,114455.17,550.98109
2025-10-27 21:00:00,114455.17,114626.99,114135.61,114302.7,494.80813
2025-10-27 22:00:00,114302.69,114585.01,114059.4,114112.51,475.05268
2025-10-27 23:00:00,114112.5,114226.23,113830.01,114107.65,715.22221
2025-10-28 00:00:00,114107.65,114374.2,113788.32,113961.67,554.9177
2025-10-28 01:00:00,113961.67,114547.2,113961.67,114424.76,485.50547
2025-10-28 02:00:00,114424.76,114474.1,113569.91,113936.94,686.4219
2025-10-28 03:00:00,113936.93,114109.86,113717.0,113908.24,457.29772
2025-10-28 04:00:00,113908.25,114076.91,113761.71,113964.59,440.12507
2025-10-28 05:00:00,113964.6,113981.73,113483.3,113605.31,628.71639
2025-10-28 06:00:00,113605.32,114186.01,113605.32,114115.52,542.51916
2025-10-28 07:00:00,114115.52,114364.99,114091.51,114188.37,579.31808
2025-10-28 08:00:00,114188.38,114480.19,114113.3,114427.23,307.52828
2025-10-28 09:00:00,114427.23,114634.46,114205.28,114528.6,373.30544
2025-10-28 10:00:00,114528.61,114608.78,114429.78,114595.71,230.0126
2025-10-28 11:00:00,114595.7,114673.68,114297.06,114357.73,326.08736
2025-10-28 12:00:00,114357.72,114517.29,114138.06,114449.55,421.93096
2025-10-28 13:00:00,114449.55,115522.91,114449.55,115522.9,1045.59275
2025-10-28 14:00:00,115522.91,116086.0,114223.63,115068.17,1820.63839
2025-10-28 15:00:00,115068.18,115425.84,114516.0,114641.38,720.35046
2025-10-28 16:00:00,114641.38,115500.0,114530.0,115341.59,754.64859
2025-10-28 17:00:00,115341.59,115591.41,115229.45,115290.0,436.8649
2025-10-28 18:00:00,115289.99,115366.45,114642.94,115022.8,370.32321
2025-10-28 19:00:00,115022.8,115075.08,113566.44,113689.99,1157.95866
2025-10-28 20:00:00,113689.0,113703.32,112324.82,112808.05,1738.00789
2025-10-28 21:00:00,112808.05,113225.53,112211.0,112994.4,726.23538
2025-10-28 22:00:00,112994.41,113289.02,112838.81,113224.08,336.06989
2025-10-28 23:00:00,113224.08,113224.08,112779.57,112898.45,383.04632
2025-10-29 00:00:00,112898.44,112898.45,112442.87,112442.88,505.29871
2025-10-29 01:00:00,112442.87,112975.75,112100.0,112500.03,916.66416
2025-10-29 02:00:00,112500.03,112780.0,112414.47,112666.75,352.69724
2025-10-29 03:00:00,112666.75,112666.75,112339.77,112523.49,301.5613
2025-10-29 04:00:00,112523.49,112878.65,112505.58,112810.55,311.50456
2025-10-29 05:00:00,112810.56,113379.0,112807.34,113039.1,640.93765
2025-10-29 06:00:00,113039.09,113348.78,112976.93,113284.2,443.58086
2025-10-29 07:00:00,113284.21,113577.9,113240.01,113577.9,640.61019
2025-10-29 08:00:00,113577.9,113624.12,112956.0,113070.94,507.26681
2025-10-29 09:00:00,113070.94,113105.08,112768.63,112974.44,659.57288
2025-10-29 10:00:00,112974.44,113186.58,112732.91,112870.01,425.8713
2025-10-29 11:00:00,112870.0,113240.72,112741.26,113132.36,378.28227
2025-10-29 12:00:00,113132.35,113325.13,113050.01,113139.13,343.38468
2025-10-29 13:00:00,113139.13,113643.73,112705.0,112873.07,1155.92441
2025-10-29 14:00:00,112873.08,112916.0,112234.74,112488.44,1185.34226
2025-10-29 15:00:00,112488.45,112564.31,111401.5,111509.74,1921.74476
2025-10-29 16:00:00,111509.74,111523.32,110960.0,111106.35,1388.36304
2025-10-29 17:00:00,111106.35,111922.44,111002.23,111883.49,811.18965
2025-10-29 18:00:00,111883.5,112030.23,109200.0,110806.38,4372.18973
2025-10-29 19:00:00,110806.38,111438.65,110157.03,110640.0,1170.09639
2025-10-29 20:00:00,110640.0,111538.16,110403.28,111433.46,728.51015
2025-10-29 21:00:00,111433.45,111800.0,111368.02,111617.26,405.07841
2025-10-29 22:00:00,111617.26,111618.46,110949.68,111028.2,447.25113
2025-10-29 23:00:00,111028.2,111077.76,109733.22,110021.29,1066.79122
2025-10-30 00:00:00,110021.3,110583.86,109703.43,110559.48,649.59178
2025-10-30 01:00:00,110559.48,110725.64,110257.77,110460.76,575.63954
2025-10-30 02:00:00,110460.75,111011.99,110331.04,110985.92,488.21463
2025-10-30 03:00:00,110985.93,110985.93,110538.68,110751.47,628.73987
2025-10-30 04:00:00,110751.48,110761.43,107925.06,108575.27,3536.96505
2025-10-30 05:00:00,108575.26,110434.58,108420.0,110248.29,1212.17428
2025-10-30 06:00:00,110248.28,110964.09,109978.01,110768.01,1000.82897
2025-10-30 07:00:00,110768.01,111592.0,110639.25,111366.72,831.79805
2025-10-30 08:00:00,111366.72,111467.01,110681.22,110714.31,1187.21618
2025-10-30 09:00:00,110714.31,110814.0,110125.17,110171.69,659.11121
2025-10-30 10:00:00,110171.68,110231.92,109829.54,110105.75,573.15523
2025-10-30 11:00:00,110105.75,110144.25,109692.3,109717.29,551.05951
2025-10-30 12:00:00,109717.19,109777.93,108280.65,108387.86,1449.48653
2025-10-30 13:00:00,108387.86,108728.54,107400.0,107627.16,2868.53704
2025-10-30 14:00:00,107627.15,108374.21,107610.44,108285.54,1206.17345
2025-10-30 15:00:00,108285.54,108350.44,107328.0,107711.56,1019.91386
2025-10-30 16:00:00,107711.56,108214.85,107559.98,108144.57,667.54851
2025-10-30 17:00:00,108144.58,108150.56,106801.0,107486.69,1492.47982
2025-10-30 18:00:00,107486.69,107556.65,106791.78,106837.09,766.54153
2025-10-30 19:00:00,106837.09,107158.62,106304.34,106536.39,1440.69222
2025-10-30 20:00:00,106536.39,107652.0,106316.17,107510.91,1205.05225
2025-10-30 21:00:00,107510.91,107950.0,107400.0,107907.68,846.16919
2025-10-30 22:00:00,107907.67,107939.0,107472.0,107912.81,333.78851
2025-10-30 23:00:00,107912.81,108334.53,107600.01,108322.88,797.95117
2025-10-31 00:00:00,108322.87,109586.94,108275.28,109317.21,1084.42941
2025-10-31 01:00:00,109317.21,110042.16,109180.0,109619.77,1402.71517
2025-10-31 02:00:00,109619.77,109685.32,108565.26,108857.99,866.79172
2025-10-31 03:00:00,108858.0,109324.4,108613.11,109227.86,820.345
2025-10-31 04:00:00,109227.87,110215.0,109114.88,110084.02,1133.07928
2025-10-31 05:00:00,110084.02,110084.03,109691.92,109899.15,939.00824
2025-10-31 06:00:00,109899.15,109968.71,109517.49,109650.0,532.21593
2025-10-31 07:00:00,109650.0,109807.9,109266.58,109449.31,994.16577
2025-10-31 08:00:00,109449.32,110100.0,109214.13,110062.44,719.63357
2025-10-31 09:00:00,110062.45,110450.0,109807.89,109848.39,632.93862
2025-10-31 10:00:00,109848.39,110117.32,109710.08,109819.2,375.06762
2025-10-31 11:00:00,109819.21,110550.0,109461.53,110415.61,712.18313
2025-10-31 12:00:00,110415.62,110681.0,109619.94,109653.19,904.10139
2025-10-31 13:00:00,109653.2,110240.0,109366.91,110157.54,1164.32028
2025-10-31 14:00:00,110157.54,111054.61,109590.46,110790.14,2487.24179
2025-10-31 15:00:00,110790.14,111190.0,110132.02,110202.9,1557.65344
2025-10-31 16:00:00,110202.9,110300.0,108671.25,108845.4,1222.91214
2025-10-31 17:00:00,108845.4,109417.91,108635.0,109299.98,1008.03929
2025-10-31 18:00:00,109299.98,109817.51,108974.76,109452.35,808.98594
2025-10-31 19:00:00,109452.2,110237.66,109114.52,109828.78,824.47324
2025-10-31 20:00:00,109828.78,109828.79,109438.12,109493.85,531.7637
2025-10-31 21:00:00,109493.84,109750.0,109329.15,109558.48,331.78769
2025-10-31 22:00:00,109558.48,109801.89,109483.66,109580.09,286.93529
2025-10-31 23:00:00,109580.08,109683.31,109518.22,109608.01,177.41674
2025-11-01 00:00:00,109608.01,109751.99,109394.81,109730.78,314.60723
2025-11-01 01:00:00,109730.78,110048.0,109699.84,109734.11,205.95055
2025-11-01 02:00:00,109734.1,109872.29,109478.09,109790.27,322.30901
2025-11-01 03:00:00,109790.27,110315.54,109789.17,110226.37,486.66403
2025-11-01 04:00:00,110226.38,110564.49,110109.58,110291.67,486.28878
2025-11-01 05:00:00,110291.66,110382.87,110050.0,110140.79,231.47577
2025-11-01 06:00:00,110140.78,110175.38,109933.86,110004.82,272.1363
2025-11-01 07:00:00,110004.82,110251.67,109992.78,110071.4,284.01087
2025-11-01 08:00:00,110071.4,110270.9,110071.4,110248.88,310.52873
2025-11-01 09:00:00,110248.88,110254.55,109970.18,109991.29,350.98951
2025-11-01 10:00:00,109991.29,110169.23,109854.72,110147.83,273.03449
2025-11-01 11:00:00,110147.83,110238.78,110000.01,110137.59,193.43473
2025-11-01 12:00:00,110137.59,110200.0,110000.01,110017.27,289.94506
2025-11-01 13:00:00,110017.26,110054.96,109702.66,109946.27,273.80468
2025-11-01 14:00:00,109946.26,109993.98,109728.94,109933.85,343.69011
2025-11-01 15:00:00,109933.86,110348.0,109910.22,110310.65,619.56524
2025-11-01 16:00:00,110310.65,110529.99,110208.49,110464.33,670.42039
2025-11-01 17:00:00,110464.33,110495.04,110192.0,110208.97,297.51556
2025-11-01 18:00:00,110208.96,110361.03,110193.43,110341.27,169.41416
2025-11-01 19:00:00,110341.28,110341.28,110220.77,110299.99,109.98551
2025-11-01 20:00:00,110300.0,110516.17,110298.17,110406.2,211.21273
2025-11-01 21:00:00,110406.21,110426.0,109858.44,109862.85,273.04557
2025-11-01 22:00:00,109862.85,110098.59,109862.84,110092.78,259.45939
2025-11-01 23:00:00,110092.79,110144.49,109974.0,110098.1,129.01591
2025-11-02 00:00:00,110098.1,110127.26,109895.27,109974.09,318.19118
2025-11-02 01:00:00,109974.09,110091.36,109921.05,109978.01,159.66153
2025-11-02 02:00:00,109978.01,110263.91,109879.39,110015.77,233.11834
2025-11-02 03:00:00,110015.76,110086.82,109962.06,110053.23,145.30218
2025-11-02 04:00:00,110053.22,110784.13,110030.06,110670.27,1380.24287
2025-11-02 05:00:00,110670.27,110714.04,110274.65,110497.98,1261.57372
2025-11-02 06:00:00,110497.98,110725.9,110274.9,110663.89,867.8504
2025-11-02 07:00:00,110663.9,111045.09,110429.7,110895.53,919.53603
2025-11-02 08:00:00,110895.53,111013.43,110716.52,110850.17,518.6449
2025-11-02 09:00:00,110850.17,111037.94,110525.89,110714.0,566.42995
2025-11-02 10:00:00,110714.0,110876.53,110346.15,110492.0,715.95933
2025-11-02 11:00:00,110491.99,111229.78,110482.6,111196.99,627.26421
2025-11-02 12:00:00,111196.99,111250.01,110678.25,110736.24,460.53292
2025-11-02 13:00:00,110736.24,110766.79,110173.84,110568.65,420.28873
2025-11-02 14:00:00,110568.65,110667.62,110202.16,110422.24,420.72705
2025-11-02 15:00:00,110422.24,110566.86,110096.32,110117.48,387.83077
2025-11-02 16:00:00,110117.49,110143.53,109735.59,110115.34,614.25585
2025-11-02 17:00:00,110115.34,110263.91,110027.93,110190.4,215.89779
2025-11-02 18:00:00,110190.41,110331.0,110174.33,110331.0,137.67403
2025-11-02 19:00:00,110331.0,110331.0,109960.95,110180.84,217.64836
2025-11-02 20:00:00,110180.85,110213.2,109890.34,110086.7,208.23814
2025-11-02 21:00:00,110086.7,110126.94,109972.0,109990.9,196.61258
2025-11-02 22:00:00,109990.91,110012.0,109471.34,109899.99,458.99057
2025-11-02 23:00:00,109900.0,110742.26,109900.0,110540.68,654.52944
2025-11-03 00:00:00,110540.69,110750.0,109757.1,109757.11,449.08984
2025-11-03 01:00:00,109757.1,109910.33,109366.75,109665.5,905.23675
2025-11-03 02:00:00,109665.5,109754.14,108666.66,109033.83,1088.01796
2025-11-03 03:00:00,109033.84,109155.74,107907.44,107937.45,1524.18495
2025-11-03 04:00:00,107937.45,107999.53,107480.13,107900.37,1058.5459
2025-11-03 05:00:00,107900.37,108075.0,107400.0,107606.75,815.12463
2025-11-03 06:00:00,107606.75,107714.05,107006.05,107494.23,1115.28935
2025-11-03 07:00:00,107494.24,107832.45,107272.93,107468.23,874.56308
2025-11-03 08:00:00,107468.23,107705.15,106888.0,107586.97,1033.44721
2025-11-03 09:00:00,107586.98,107912.86,107083.33,107197.94,675.70561
2025-11-03 10:00:00,107197.95,107621.06,106726.63,106974.99,987.3979
2025-11-03 11:00:00,106974.99,107920.92,106963.0,107787.42,774.01269
2025-11-03 12:00:00,107787.42,108265.44,107713.1,107768.9,742.62608
2025-11-03 13:00:00,107768.91,108068.59,107574.77,107908.68,647.66063
2025-11-03 14:00:00,107908.68,108333.0,107369.01,108059.99,919.91286
2025-11-03 15:00:00,108060.0,108148.81,105511.0,105745.71,3853.95819
2025-11-03 16:00:00,105745.71,106798.01,105306.56,106678.44,3622.24107
2025-11-03 17:00:00,106678.43,107783.2,106536.11,107481.19,1563.75664
2025-11-03 18:00:00,107481.2,107599.85,106813.0,106961.62,1651.54985
2025-11-03 19:00:00,106961.61,107395.25,106455.23,107090.0,950.86728
2025-11-03 20:00:00,107090.0,107169.68,106310.43,106657.55,850.2085
2025-11-03 21:00:00,106657.55,107094.27,106088.73,106888.71,790.25915
2025-11-03 22:00:00,106888.71,106888.71,105755.59,106489.95,1150.56648
2025-11-03 23:00:00,106489.94,106750.0,106030.14,106583.04,636.96519
2025-11-04 00:00:00,106583.05,106808.51,105852.37,106471.45,1195.65517
2025-11-04 01:00:00,106471.45,107298.74,106277.46,107040.01,1133.99025
2025-11-04 02:00:00,107040.0,107243.23,106477.1,106482.6,701.66328
2025-11-04 03:00:00,106482.61,107233.83,106223.14,107158.79,1057.66983
2025-11-04 04:00:00,107158.79,107299.0,106703.82,106750.14,745.43101
2025-11-04 05:00:00,106750.14,106750.15,104200.0,104215.76,3268.3578
2025-11-04 06:00:00,104215.76,105201.0,104200.0,104766.14,2382.47316
2025-11-04 07:00:00,104766.14,104997.64,104317.56,104490.72,1633.60477
2025-11-04 08:00:00,104490.73,104631.39,103759.99,104051.9,1804.04853
2025-11-04 09:00:00,104051.9,104138.65,103636.0,103857.96,1455.72161
2025-11-04 10:00:00,103857.96,104106.55,103605.0,103816.39,1073.24239
2025-11-04 11:00:00,103816.39,104699.07,103774.33,104584.76,988.08793
2025-11-04 12:00:00,104584.75,104638.29,103844.39,103952.54,1216.95881
2025-11-04 13:00:00,103952.54,104243.67,103576.0,103924.25,1018.30395
2025-11-04 14:00:00,103924.26,104694.28,102915.05,104500.01,2915.82303
2025-11-04 15:00:00,104500.01,104842.63,103185.89,103197.01,2271.81312
2025-11-04 16:00:00,103197.02,103500.05,102164.0,102257.7,3313.32683
2025-11-04 17:00:00,102257.7,102257.7,100800.0,101114.83,4223.40802
2025-11-04 18:00:00,101114.82,101492.74,100010.73,101363.98,4101.41064
2025-11-04 19:00:00,101363.97,101711.84,100414.0,100542.64,1814.79036
2025-11-04 20:00:00,100542.64,101119.4,99600.0,100755.43,4335.57159
2025-11-04 21:00:00,100755.42,100831.49,98944.36,100311.46,4105.7665
2025-11-04 22:00:00,100311.46,101893.09,100082.0,101295.71,2258.84809
2025-11-04 23:00:00,101295.7,101740.0,100907.36,101497.22,1518.90709
2025-11-05 00:00:00,101497.23,101752.96,100350.0,100564.3,1452.38181
2025-11-05 01:00:00,100564.3,101015.01,98966.8,100761.62,3025.00486
2025-11-05 02:00:00,100761.62,101922.98,100754.54,101677.93,3700.99085
2025-11-05 03:00:00,101677.94,102272.23,101461.98,102130.0,2834.46709
2025-11-05 04:00:00,102130.0,102236.92,101517.47,101998.3,2059.55564
2025-11-05 05:00:00,101998.3,102370.0,101595.0,101824.89,1088.37371
2025-11-05 06:00:00,101824.89,102139.36,101500.0,102119.99,869.66608
2025-11-05 07:00:00,102120.0,102152.58,101601.71,101993.02,644.24535
2025-11-05 08:00:00,101993.03,102000.02,101176.47,101699.74,1179.77273
2025-11-05 09:00:00,101699.74,102203.48,101608.0,101995.29,785.11664
2025-11-05 10:00:00,101995.28,101995.29,101285.09,101401.97,724.99165
2025-11-05 11:00:00,101401.97,102110.48,101381.68,102070.61,887.62047
2025-11-05 12:00:00,102070.62,102800.71,101916.77,102673.35,1241.26951
2025-11-05 13:00:00,102673.34,103253.39,102291.82,102985.91,1451.5824
2025-11-05 14:00:00,102985.9,103470.0,102169.06,103202.3,1801.60223
2025-11-05 15:00:00,103202.3,103798.37,102829.51,103728.3,1851.46451
2025-11-05 16:00:00,103728.3,104039.66,103057.56,103919.2,1677.80348
2025-11-05 17:00:00,103919.2,104000.0,103388.46,103904.05,1795.89346
2025-11-05 18:00:00,103904.05,104429.75,103759.53,104347.4,1222.46217
2025-11-05 19:00:00,104347.41,104529.41,103986.96,104008.09,796.61274
2025-11-05 20:00:00,104008.09,104534.74,103620.0,103831.22,881.47869
2025-11-05 21:00:00,103831.22,103831.22,103500.8,103672.37,586.96502
2025-11-05 22:00:00,103672.38,103798.95,103305.05,103706.55,686.44411
2025-11-05 23:00:00,103706.55,104100.0,103667.26,103885.16,533.01051
2025-11-06 00:00:00,103885.16,103897.86,103324.21,103677.72,1223.43533
2025-11-06 01:00:00,103677.71,103677.72,102716.26,103365.65,1156.07343
2025-11-06 02:00:00,103365.64,103567.93,102855.66,103321.81,711.05988
2025-11-06 03:00:00,103321.8,103933.33,103315.48,103636.03,691.22573
2025-11-06 04:00:00,103636.92,104200.0,103580.0,104030.79,671.34024
2025-11-06 05:00:00,104030.8,104030.8,103088.0,103143.57,755.30818
2025-11-06 06:00:00,103143.57,103591.47,103006.17,103318.75,555.63033
2025-11-06 07:00:00,103318.76,103561.94,102910.66,103185.48,988.58677
2025-11-06 08:00:00,103184.75,103440.0,102971.99,103200.26,647.13062
2025-11-06 09:00:00,103200.26,103261.93,102810.0,102810.01,536.64925
2025-11-06 10:00:00,102810.01,103288.59,102651.63,103122.54,932.94397
2025-11-06 11:00:00,103122.54,103300.01,102743.82,103227.58,540.52931
2025-11-06 12:00:00,103227.59,103333.18,102383.64,102552.38,1051.14565
2025-11-06 13:00:00,102552.39,103626.46,102552.38,103319.71,941.18298
2025-11-06 14:00:00,103319.71,103579.68,102044.63,102125.0,1661.00797
2025-11-06 15:00:00,102124.99,102932.94,101630.0,102014.48,3027.20967
2025-11-06 16:00:00,102014.49,102393.51,100300.95,100867.2,3035.72721
2025-11-06 17:00:00,100867.19,101946.31,100770.57,101804.01,1310.77048
2025-11-06 18:00:00,101804.02,102338.0,100916.74,101722.13,956.16247
2025-11-06 19:00:00,101722.12,101999.44,101202.73,101388.81,756.60374
2025-11-06 20:00:00,101388.82,101643.28,100638.55,100914.11,812.36283
2025-11-06 21:00:00,100914.11,101220.9,100541.17,101117.17,938.29195
2025-11-06 22:00:00,101117.17,101480.0,101009.7,101415.05,639.89634
2025-11-06 23:00:00,101415.05,101538.0,101132.6,101346.04,1274.34706
2025-11-07 00:00:00,101346.04,101640.0,100749.94,101479.78,823.54705
2025-11-07 01:00:00,101479.79,101894.83,100905.1,101538.96,1095.04627
2025-11-07 02:00:00,101538.96,101928.99,101242.79,101905.11,779.48744
2025-11-07 03:00:00,101905.12,102500.0,101876.03,101916.29,1267.53296
2025-11-07 04:00:00,101916.3,102100.25,101582.92,102027.19,798.08441
2025-11-07 05:00:00,102027.2,102527.0,102024.75,102447.47,701.21696
2025-11-07 06:00:00,102447.48,102496.0,101819.1,101819.1,469.88373
2025-11-07 07:00:00,101819.11,102010.0,101638.43,102010.0,1093.42589
2025-11-07 08:00:00,102009.99,102050.0,101438.39,101496.18,817.45963
2025-11-07 09:00:00,101496.18,101512.51,100775.65,101013.66,1382.92001
2025-11-07 10:00:00,101013.67,101250.03,100564.43,100770.85,1279.53134
2025-11-07 11:00:00,100770.85,100796.86,99803.58,100411.89,3120.50016
2025-11-07 12:00:00,100411.89,100625.0,99260.86,99638.28,1799.68202
2025-11-07 13:00:00,99638.29,100579.72,99455.1,100347.35,1635.46609
2025-11-07 14:00:00,100347.35,100922.78,99519.32,100806.08,2597.13075
2025-11-07 15:00:00,100806.7,101253.99,100353.45,100797.95,2600.73788
2025-11-07 16:00:00,100797.95,101628.43,100517.06,101169.2,1975.20246
2025-11-07 17:00:00,101169.19,102736.84,100942.73,102397.12,2091.96075
2025-11-07 18:00:00,102397.13,102859.99,102282.2,102609.46,1585.11088
2025-11-07 19:00:00,102609.46,103395.25,102481.75,103395.25,1184.29403
2025-11-07 20:00:00,103395.92,103900.0,102958.0,103783.09,970.62813
2025-11-07 21:00:00,103783.08,103879.23,103311.33,103879.23,743.31566
2025-11-07 22:00:00,103879.22,104096.36,103595.38,103633.03,736.65333
2025-11-07 23:00:00,103633.04,103759.36,103329.79,103339.08,510.69159
2025-11-08 00:00:00,103339.09,103406.22,102539.49,102713.15,877.26495
2025-11-08 01:00:00,102713.15,103240.32,102662.25,102996.84,498.24095
2025-11-08 02:00:00,102996.85,103333.33,102766.31,102846.65,494.72835
2025-11-08 03:00:00,102846.66,103293.21,102592.75,102592.76,531.57226
2025-11-08 04:00:00,102592.76,102836.0,102409.52,102565.03,602.92361
2025-11-08 05:00:00,102565.03,102733.83,102272.66,102304.0,396.06427
2025-11-08 06:00:00,102304.01,102519.03,102092.26,102215.62,590.77493
2025-11-08 07:00:00,102215.63,102399.88,101902.64,102352.96,452.1997
2025-11-08 08:00:00,102352.96,102687.72,102156.36,102431.74,470.18368
2025-11-08 09:00:00,102431.74,102615.53,102225.52,102399.46,359.62626
2025-11-08 10:00:00,102399.45,102575.35,102310.0,102480.04,301.03917
2025-11-08 11:00:00,102480.04,102630.14,101715.76,101857.1,707.36146
2025-11-08 12:00:00,101857.1,102108.0,101731.19,102065.14,439.24627
2025-11-08 13:00:00,102065.14,102186.99,101720.67,101804.63,952.83284
2025-11-08 14:00:00,101804.62,102083.67,101454.0,101827.19,1159.38189
2025-11-08 15:00:00,101827.19,101954.0,101500.0,101711.45,511.67056
2025-11-08 16:00:00,101711.46,101963.66,101525.98,101850.22,502.57143
2025-11-08 17:00:00,101850.23,102003.57,101549.85,101994.52,479.97599
2025-11-08 18:00:00,101994.53,102219.39,101824.86,102139.53,766.44634
2025-11-08 19:00:00,102139.52,102186.87,101522.08,101989.65,371.41335
2025-11-08 20:00:00,101989.65,102172.35,101957.94,102068.06,206.6246
2025-11-08 21:00:00,102068.06,102367.72,102028.62,102272.81,234.4224
2025-11-08 22:00:00,102272.82,102426.12,102171.73,102377.46,249.46029
2025-11-08 23:00:00,102377.46,102482.2,102276.82,102312.94,234.7543
2025-11-09 00:00:00,102312.95,102337.89,101620.23,101797.74,616.42627
2025-11-09 01:00:00,101797.74,102100.0,101686.72,102045.07,373.40232
2025-11-09 02:00:00,102045.07,102045.07,101568.41,101633.25,398.65792
2025-11-09 03:00:00,101633.25,101817.2,101400.0,101662.05,767.84962
2025-11-09 04:00:00,101662.05,102130.61,101635.96,101724.91,378.19223
2025-11-09 05:00:00,101724.9,102028.07,101680.02,101928.54,291.74297
2025-11-09 06:00:00,101928.54,101980.0,101712.17,101752.83,213.04181
2025-11-09 07:00:00,101752.83,101972.9,101681.75,101944.59,218.68631
2025-11-09 08:00:00,101944.6,102048.15,101813.73,101972.94,216.7581
2025-11-09 09:00:00,101972.94,102127.26,101631.62,101657.46,411.11856
2025-11-09 10:00:00,101657.46,101918.0,101500.0,101876.36,695.1249
2025-11-09 11:00:00,101876.36,102307.68,101876.35,102239.41,502.56822
2025-11-09 12:00:00,102239.41,102425.19,102050.64,102086.9,522.32408
2025-11-09 13:00:00,102086.91,102997.38,102067.09,102911.39,788.58745
2025-11-09 14:00:00,102911.4,104041.25,102769.99,103037.9,2232.81061
2025-11-09 15:00:00,103037.9,104168.0,102972.55,103762.17,1143.9267
2025-11-09 16:00:00,103762.18,103900.53,103316.23,103845.04,741.52049
2025-11-09 17:00:00,103845.04,103964.81,103329.49,103637.57,460.77714
2025-11-09 18:00:00,103637.58,104591.32,103520.0,104512.65,773.02957
2025-11-09 19:00:00,104512.66,104805.57,104153.84,104805.57,849.18697
2025-11-09 20:00:00,104805.57,105061.08,104414.4,104633.12,700.89351
2025-11-09 21:00:00,104633.13,104845.16,104314.89,104528.82,475.91997
2025-11-09 22:00:00,104528.82,104819.99,104058.59,104732.48,1344.74595
2025-11-09 23:00:00,104732.47,105495.62,104533.24,104722.96,1221.67929
2025-11-10 00:00:00,104722.95,106525.0,104265.02,106314.96,2711.00239
2025-11-10 01:00:00,106314.96,106670.11,105698.94,105699.99,2166.65056
2025-11-10 02:00:00,105700.0,106054.26,105556.68,106006.69,775.83999
2025-11-10 03:00:00,106006.7,106291.43,105843.22,106027.97,847.84998
2025-11-10 04:00:00,106027.97,106300.01,105846.26,106153.14,677.49361
2025-11-10 05:00:00,106153.14,106473.73,106000.0,106100.0,619.39822
2025-11-10 06:00:00,106100.0,106311.9,105963.3,106221.88,531.36548
2025-11-10 07:00:00,106221.89,106539.4,106156.7,106461.45,855.88178
2025-11-10 08:00:00,106461.46,106554.0,105900.0,105965.46,758.17354
2025-11-10 09:00:00,105965.46,106599.47,105836.0,106440.0,736.84126
2025-11-10 10:00:00,106440.0,106454.73,105962.15,105995.26,470.32569
2025-11-10 11:00:00,105995.26,106321.16,105955.29,106176.5,391.10179
2025-11-10 12:00:00,106176.5,106216.0,105868.0,105944.17,656.39469
2025-11-10 13:00:00,105944.17,106589.89,105923.57,106548.02,785.48627
2025-11-10 14:00:00,106548.02,106548.02,104681.9,104898.15,1937.55608
2025-11-10 15:00:00,104898.15,105628.0,104667.0,105079.99,2341.3437
2025-11-10 16:00:00,105079.99,105352.86,104784.36,105242.05,1018.54158
2025-11-10 17:00:00,105242.04,105981.79,105189.01,105953.1,695.86986
2025-11-10 18:00:00,105953.1,106094.31,105478.0,105478.0,580.04807
2025-11-10 19:00:00,105478.0,106042.46,105408.0,105817.99,461.94988
2025-11-10 20:00:00,105818.0,106299.22,105802.35,106010.73,635.97915
2025-11-10 21:00:00,106010.74,106021.35,105280.0,105631.27,1140.24521
2025-11-10 22:00:00,105631.26,106144.94,105364.68,106062.8,418.65674
2025-11-10 23:00:00,106062.81,106275.16,105893.36,106011.13,468.26121
2025-11-11 00:00:00,106011.13,106139.84,105500.0,106139.83,562.07527
2025-11-11 01:00:00,106139.82,107500.0,106026.79,106110.36,1869.1591
2025-11-11 02:00:00,106110.36,107130.0,105610.0,106655.02,1751.73895
2025-11-11 03:00:00,106655.02,107100.0,106363.04,106456.0,752.0543
2025-11-11 04:00:00,106456.0,106546.0,105714.24,105755.32,640.19881
2025-11-11 05:00:00,105755.33,105758.88,105166.66,105249.35,774.38555
2025-11-11 06:00:00,105249.35,105345.68,104888.0,105261.27,1146.86686
2025-11-11 07:00:00,105261.28,105327.75,104741.2,104783.98,754.78302
2025-11-11 08:00:00,104783.99,105284.69,104762.23,105157.8,509.99239
2025-11-11 09:00:00,105157.8,105485.71,104909.74,104971.63,505.2007
2025-11-11 10:00:00,104971.62,105237.16,104920.25,105176.38,417.15368
2025-11-11 11:00:00,105176.39,105497.99,105145.47,105311.9,372.28222
2025-11-11 12:00:00,105311.9,105500.0,104349.26,104530.83,2106.11964
2025-11-11 13:00:00,104530.83,104706.09,104022.92,104390.92,3314.65247
2025-11-11 14:00:00,104390.93,104665.67,103840.91,104560.16,1215.16933
2025-11-11 15:00:00,104560.15,104560.15,103170.33,103455.99,2215.12756
2025-11-11 16:00:00,103455.99,103730.0,103206.1,103399.43,664.19158
2025-11-11 17:00:00,103399.42,103637.27,102840.22,103338.99,917.43867
2025-11-11 18:00:00,103338.99,103572.37,103059.52,103401.07,487.03154
2025-11-11 19:00:00,103401.07,103453.07,102861.72,103126.39,479.2973
2025-11-11 20:00:00,103126.39,103224.29,102658.36,102809.27,742.04221
2025-11-11 21:00:00,102809.27,103090.69,102476.09,102633.92,796.94775
2025-11-11 22:00:00,102633.92,103150.02,102503.0,103000.01,652.65633
2025-11-11 23:00:00,103000.02,103209.13,102800.01,103058.99,549.94195
2025-11-12 00:00:00,103059.0,103340.59,102812.64,102885.99,598.51997
2025-11-12 01:00:00,102886.0,103394.01,102687.72,103254.64,999.5861
2025-11-12 02:00:00,103254.63,103413.09,102939.85,103151.66,705.65849
2025-11-12 03:00:00,103151.66,103440.96,103092.5,103310.0,368.29105
2025-11-12 04:00:00,103310.0,103456.82,103011.0,103246.87,320.89726
2025-11-12 05:00:00,103246.87,103467.2,103230.0,103385.3,465.38371
2025-11-12 06:00:00,103385.31,103654.38,103354.34,103366.97,689.4704
2025-11-12 07:00:00,103366.98,103534.98,103051.59,103112.66,689.87309
2025-11-12 08:00:00,103112.65,104228.9,103112.24,104147.24,1064.00216
2025-11-12 09:00:00,104147.25,105079.31,104145.98,104521.56,1348.44138
2025-11-12 10:00:00,104521.56,105038.59,104510.5,104899.99,611.04736
2025-11-12 11:00:00,104900.0,105200.0,104746.85,105020.83,520.21601
2025-11-12 12:00:00,105020.82,105333.33,104821.0,104993.74,538.28345
2025-11-12 13:00:00,104993.74,105187.13,104622.43,105039.99,652.43577
2025-11-12 14:00:00,105039.99,105039.99,103604.57,103990.4,1426.89556
2025-11-12 15:00:00,103990.39,104299.98,101961.97,102173.51,2574.38835
2025-11-12 16:00:00,102173.51,102285.18,101300.0,101442.61,2365.20417
2025-11-12 17:00:00,101442.62,102167.17,101397.74,101748.02,903.07839
2025-11-12 18:00:00,101748.01,101947.88,101416.69,101542.17,626.0637
2025-11-12 19:00:00,101542.18,101569.66,100813.59,101297.31,974.91965
2025-11-12 20:00:00,101297.31,101846.15,101141.03,101539.01,677.7383
2025-11-12 21:00:00,101539.01,101920.48,101520.41,101920.47,419.00665
2025-11-12 22:00:00,101920.48,101994.12,101448.82,101978.96,401.25193
2025-11-12 23:00:00,101978.95,101999.35,101465.77,101654.37,516.98616
2025-11-13 00:00:00,101654.37,102042.77,101467.15,101854.58,477.36249
2025-11-13 01:00:00,101854.58,102604.0,101838.0,102007.0,1311.97773
2025-11-13 02:00:00,102006.99,102338.42,101972.39,102064.41,358.95316
2025-11-13 03:00:00,102064.41,102566.93,100922.55,102130.21,1438.17883
2025-11-13 04:00:00,102130.21,102406.39,101665.59,102120.0,873.51911
2025-11-13 05:00:00,102120.0,103400.0,101772.52,103135.84,893.66042
2025-11-13 06:00:00,103136.0,103679.0,102914.39,103590.74,1230.29564
2025-11-13 07:00:00,103590.74,104085.01,103315.16,103475.66,1328.34761
2025-11-13 08:00:00,103475.66,103811.49,103275.02,103684.06,901.73611
2025-11-13 09:00:00,103684.07,103740.0,102553.63,102827.0,1334.94774
2025-11-13 10:00:00,102827.0,103289.89,102774.75,102991.22,491.21571
2025-11-13 11:00:00,102991.23,103148.57,102711.53,102936.5,410.73987
2025-11-13 12:00:00,102936.49,103274.93,102735.31,103143.45,597.28173
2025-11-13 13:00:00,103143.46,103162.41,102150.0,102326.48,1187.69713
2025-11-13 14:00:00,102326.48,103483.83,101699.91,102873.14,2405.05801
2025-11-13 15:00:00,102873.14,102999.98,101184.14,101382.64,2074.3959
2025-11-13 16:00:00,101382.63,101540.93,100550.0,100633.13,2664.17181
2025-11-13 17:00:00,100633.13,100820.49,99608.98,99659.99,3368.62722
2025-11-13 18:00:00,99659.99,99922.0,98147.4,98591.78,4579.03994
2025-11-13 19:00:00,98591.78,99295.02,98314.39,98682.14,2309.2418
2025-11-13 20:00:00,98682.13,99031.76,98000.4,98162.11,2424.57218
2025-11-13 21:00:00,98162.11,98905.45,98021.0,98817.36,1018.69866
2025-11-13 22:00:00,98817.35,99937.99,98701.88,99851.82,1303.27918
2025-11-13 23:00:00,99851.83,100501.31,99569.99,99692.02,1215.50973
2025-11-14 00:00:00,99692.03,99778.0,98726.64,98973.95,1748.7685
2025-11-14 01:00:00,98973.95,99555.33,98700.0,99255.6,2292.50283
2025-11-14 02:00:00,99255.6,99866.02,99246.0,99620.0,967.49149
2025-11-14 03:00:00,99620.01,99649.87,98805.23,99139.38,831.05287
2025-11-14 04:00:00,99139.38,99178.58,96712.12,97823.98,3850.84747
2025-11-14 05:00:00,97823.97,98037.39,97020.49,97523.98,2096.22294
2025-11-14 06:00:00,97523.98,97616.5,95933.75,97569.13,2909.036
2025-11-14 07:00:00,97569.13,97742.85,96783.47,97151.98,2260.62551
2025-11-14 08:00:00,97151.97,97476.84,96787.99,97377.41,1591.93158
2025-11-14 09:00:00,97377.41,97553.7,96681.63,96839.93,1043.46142
2025-11-14 10:00:00,96839.94,97286.92,96668.73,96752.2,688.27736
2025-11-14 11:00:00,96752.19,96945.61,95711.0,96167.44,1931.93096
2025-11-14 12:00:00,96167.45,96167.45,94560.48,95350.75,4859.43942
2025-11-14 13:00:00,95350.76,95695.83,94571.1,95243.95,3578.96625
2025-11-14 14:00:00,95243.95,96801.53,94951.43,96542.38,3587.32924
2025-11-14 15:00:00,96542.38,97322.35,95868.4,96796.14,2286.98587
2025-11-14 16:00:00,96796.14,97411.11,96271.34,97011.22,1610.29675
2025-11-14 17:00:00,97011.22,97128.45,95600.0,95842.56,1417.43832
2025-11-14 18:00:00,95842.57,96329.58,95000.0,95075.53,1363.43718
2025-11-14 19:00:00,95075.53,95920.0,94800.55,95778.29,1214.47277
2025-11-14 20:00:00,95778.3,95940.0,94201.77,94377.47,1917.84937
2025-11-14 21:00:00,94377.46,95172.95,94231.78,95059.47,927.53739
2025-11-14 22:00:00,95059.46,95482.74,94700.0,95179.99,990.87669
2025-11-14 23:00:00,95179.99,95179.99,94012.45,94594.0,1321.36663
2025-11-15 00:00:00,94594.0,95414.0,94558.49,95149.35,1050.81596
2025-11-15 01:00:00,95149.35,95800.0,94750.77,95650.17,946.56569
2025-11-15 02:00:00,95650.17,96484.5,95395.08,96482.77,971.87658
2025-11-15 03:00:00,96482.78,96846.68,96132.0,96417.12,1407.53254
2025-11-15 04:00:00,96417.12,96520.0,95921.21,96112.14,541.00804
2025-11-15 05:00:00,96112.14,96435.39,95977.02,96342.18,712.44846
2025-11-15 06:00:00,96342.18,96570.65,95958.22,96121.27,672.4607
2025-11-15 07:00:00,96121.27,96372.68,95947.68,96333.86,618.02642
2025-11-15 08:00:00,96333.87,96350.52,95642.61,95910.88,987.30061
2025-11-15 09:00:00,95910.87,96150.99,95649.99,95808.44,655.00121
2025-11-15 10:00:00,95808.44,96064.49,95689.38,95952.13,382.53531
2025-11-15 11:00:00,95952.13,95985.64,95630.0,95696.87,311.38925
2025-11-15 12:00:00,95696.86,95876.9,95565.17,95814.08,313.88372
2025-11-15 13:00:00,95814.08,96372.99,95728.13,96370.16,815.44172
2025-11-15 14:00:00,96370.17,96471.22,96013.58,96254.25,493.86496
2025-11-15 15:00:00,96254.26,96425.85,96114.7,96260.0,364.09538
2025-11-15 16:00:00,96259.99,96337.82,95731.32,96162.84,652.31588
2025-11-15 17:00:00,96162.84,96419.65,95849.9,96238.5,647.76319
2025-11-15 18:00:00,96238.51,96349.86,95960.34,96052.99,388.88122
2025-11-15 19:00:00,96052.99,96152.98,95920.94,96012.01,191.69202
2025-11-15 20:00:00,96012.01,96012.01,95119.94,95277.52,940.18711
2025-11-15 21:00:00,95277.51,95672.0,95125.29,95279.99,458.06338
2025-11-15 22:00:00,95280.0,95660.0,95225.78,95619.62,347.97795
2025-11-15 23:00:00,95619.63,95694.01,95493.96,95596.24,239.76661
2025-11-16 00:00:00,95596.23,95704.81,95205.74,95362.0,304.87252
2025-11-16 01:00:00,95362.01,95493.97,94841.62,95276.62,713.63073
2025-11-16 02:00:00,95276.61,95969.98,95094.31,95963.88,557.05695
2025-11-16 03:00:00,95963.89,95979.79,95630.22,95825.02,321.10986
2025-11-16 04:00:00,95825.02,95928.88,95650.72,95821.79,349.88402
2025-11-16 05:00:00,95821.8,96192.0,95813.51,95881.82,391.55568
2025-11-16 06:00:00,95881.83,96043.64,95754.0,95813.53,200.18257
2025-11-16 07:00:00,95813.52,96100.0,95721.68,96099.99,337.71705
2025-11-16 08:00:00,96099.98,96238.0,95859.35,96116.94,378.10619
2025-11-16 09:00:00,96116.93,96635.11,95936.0,96629.75,611.90526
2025-11-16 10:00:00,96629.74,96629.74,96375.05,96444.71,575.34123
2025-11-16 11:00:00,96444.71,96446.94,95500.0,95627.13,1020.02786
2025-11-16 12:00:00,95627.13,95900.0,95436.46,95743.9,547.95591
2025-11-16 13:00:00,95743.9,95846.14,95117.48,95420.44,561.73436
2025-11-16 14:00:00,95420.44,95673.9,95303.6,95531.13,396.85356
2025-11-16 15:00:00,95531.13,95555.0,94368.24,94573.46,1039.77491
2025-11-16 16:00:00,94573.46,94945.52,94022.89,94224.47,2545.47537
2025-11-16 17:00:00,94224.47,94540.64,93770.48,94357.67,2214.0171
2025-11-16 18:00:00,94357.66,95567.79,93775.81,94049.64,3256.0945
2025-11-16 19:00:00,94049.63,94600.0,93941.0,94020.0,1029.66678
2025-11-16 20:00:00,94020.49,94739.74,93951.4,94090.0,563.82548
2025-11-16 21:00:00,94090.01,94212.78,93369.0,93505.22,1731.40126
2025-11-16 22:00:00,93505.23,94500.0,93005.55,94183.36,1764.45299
2025-11-16 23:00:00,94183.36,94540.0,93020.01,94261.44,2476.76296
2025-11-17 00:00:00,94261.45,95375.6,93767.27,95290.01,1716.89838
2025-11-17 01:00:00,95290.01,95487.8,94722.21,94768.02,912.36086
2025-11-17 02:00:00,94768.02,95409.32,94707.82,94976.18,781.92776
2025-11-17 03:00:00,94976.17,95559.99,94968.72,95496.77,713.35025
2025-11-17 04:00:00,95496.77,95575.94,94849.37,95096.74,1622.50542
2025-11-17 05:00:00,95096.73,95265.01,94900.0,95122.76,574.08695
2025-11-17 06:00:00,95122.77,95333.99,94900.0,95282.36,495.05249
2025-11-17 07:00:00,95282.37,95880.0,95203.8,95653.77,1148.2017
2025-11-17 08:00:00,95653.78,96026.71,95532.02,95619.06,1082.17947
2025-11-17 09:00:00,95619.07,95868.99,95309.68,95656.21,907.38215
2025-11-17 10:00:00,95656.2,95891.59,95545.1,95651.7,499.57874
2025-11-17 11:00:00,95651.7,95938.36,95369.98,95565.38,926.51906
2025-11-17 12:00:00,95565.38,95571.3,95250.58,95312.23,545.81467
2025-11-17 13:00:00,95312.24,95370.89,93571.3,93959.79,2495.70008
2025-11-17 14:00:00,93959.78,96043.0,93755.22,94769.32,3177.03036
2025-11-17 15:00:00,94769.33,95018.86,93806.37,93959.67,1867.09141
2025-11-17 16:00:00,93959.68,94419.88,93051.71,94306.0,2847.04335
2025-11-17 17:00:00,94306.01,94394.8,92658.82,92767.49,2184.47626
2025-11-17 18:00:00,92767.48,93224.35,92413.31,92549.01,2978.32313
2025-11-17 19:00:00,92549.02,92653.97,91588.0,91678.93,3690.73308
2025-11-17 20:00:00,91678.93,92234.53,91292.0,91920.59,3249.24836
2025-11-17 21:00:00,91914.01,92253.72,91500.0,91959.71,1866.2053
2025-11-17 22:00:00,91959.72,92399.48,91220.0,92247.63,1469.82034
2025-11-17 23:00:00,92247.64,92294.15,91793.9,92215.14,1467.06849
2025-11-18 00:00:00,92215.14,92357.51,91200.0,92169.86,1831.22552
2025-11-18 01:00:00,92169.86,92221.01,91624.5,91714.29,1663.24084
2025-11-18 02:00:00,91714.29,91750.0,90687.42,90866.01,2546.69077
2025-11-18 03:00:00,90866.01,90927.69,89700.0,90842.72,4606.07848
2025-11-18 04:00:00,90842.72,90851.66,89253.78,90081.9,3350.00605
2025-11-18 05:00:00,90081.9,90469.14,89719.63,90221.33,1575.65404
2025-11-18 06:00:00,90221.33,90233.16,89371.12,89651.3,1335.95745
2025-11-18 07:00:00,89651.29,90555.88,89337.39,90512.1,2766.44981
2025-11-18 08:00:00,90512.1,91440.0,90509.79,91220.0,2225.79136
2025-11-18 09:00:00,91219.99,91487.58,90889.93,91400.01,1441.96417
2025-11-18 10:00:00,91400.01,91617.17,91256.8,91585.02,1087.06008
2025-11-18 11:00:00,91585.01,91615.43,91247.56,91517.82,1022.64847
2025-11-18 12:00:00,91517.83,91878.11,91110.0,91518.54,906.99249
2025-11-18 13:00:00,91518.54,91659.94,90905.7,91476.56,1036.51569
2025-11-18 14:00:00,91476.56,92450.23,91206.52,91359.29,2351.78391
2025-11-18 15:00:00,91359.3,93049.91,91010.0,92910.1,2802.22354
2025-11-18 16:00:00,92910.1,93836.01,92579.23,93499.16,2533.3128
2025-11-18 17:00:00,93499.15,93657.15,92821.26,93256.92,1189.79384
2025-11-18 18:00:00,93256.92,93766.0,93151.04,93331.08,692.11551
2025-11-18 19:00:00,93331.09,93612.0,92994.88,93195.61,502.14706
2025-11-18 20:00:00,93195.61,93298.0,92657.25,92783.36,539.0094
2025-11-18 21:00:00,92783.36,93030.0,92462.72,92491.59,542.2085
2025-11-18 22:00:00,92491.6,93423.74,92491.59,93160.0,439.15612
2025-11-18 23:00:00,93159.99,93163.34,92727.27,92960.83,847.12179
2025-11-19 00:00:00,92960.83,92980.22,91929.86,92416.51,875.05841
2025-11-19 01:00:00,92416.52,92644.49,91935.03,92439.99,856.50507
2025-11-19 02:00:00,92440.0,92865.24,92280.0,92569.12,531.4235
2025-11-19 03:00:00,92569.12,92636.0,91660.49,91874.52,802.16678
2025-11-19 04:00:00,91874.51,91976.12,91163.19,91163.2,1152.46121
2025-11-19 05:00:00,91163.2,91267.73,90025.06,90459.99,1783.40843
2025-11-19 06:00:00,90459.99,91104.0,90282.83,90990.87,1223.51965
2025-11-19 07:00:00,90990.88,92028.92,90948.37,91863.64,1475.85023
2025-11-19 08:00:00,91863.64,91950.0,91287.34,91470.44,803.83092
2025-11-19 09:00:00,91470.44,91513.72,91072.41,91513.72,740.22178
2025-11-19 10:00:00,91513.72,91700.55,91225.98,91314.75,580.50005
2025-11-19 11:00:00,91314.74,91782.04,91312.0,91410.22,416.30964
2025-11-19 12:00:00,91410.23,91879.85,91220.0,91780.0,604.31025
2025-11-19 13:00:00,91780.0,91900.0,91228.82,91405.02,728.0749
2025-11-19 14:00:00,91405.02,91857.3,91037.5,91713.44,1389.38336
2025-11-19 15:00:00,91713.45,92384.61,89880.0,89951.7,3292.32346
2025-11-19 16:00:00,89951.7,90232.56,89453.88,89905.78,2417.11812
2025-11-19 17:00:00,89905.77,90133.33,88889.0,89500.01,2649.49867
2025-11-19 18:00:00,89500.0,89744.51,88792.0,89237.83,2216.17894
2025-11-19 19:00:00,89237.82,89384.27,88630.71,88884.56,1504.39912
2025-11-19 20:00:00,88884.56,89704.39,88608.0,89516.91,1421.78591
2025-11-19 21:00:00,89516.91,90850.0,89450.01,90600.68,2890.29056
2025-11-19 22:00:00,90600.67,90635.58,90101.14,90480.56,768.25681
2025-11-19 23:00:00,90480.56,91594.0,90480.56,91554.96,1163.76183
2025-11-20 00:00:00,91554.96,92300.0,91185.26,91891.32,1045.70121
2025-11-20 01:00:00,91891.32,92716.44,91820.01,92590.13,1058.92103
2025-11-20 02:00:00,92590.13,92798.14,92322.04,92592.84,904.85403
2025-11-20 03:00:00,92592.85,92717.52,92360.84,92440.32,919.58347
2025-11-20 04:00:00,92440.33,92990.0,92124.0,92962.83,931.12356
2025-11-20 05:00:00,92962.84,93160.0,92566.55,92616.2,878.19369
2025-11-20 06:00:00,92616.21,92851.06,91687.07,91974.7,1324.95908
2025-11-20 07:00:00,91974.69,92445.8,91798.24,92320.18,657.61367
2025-11-20 08:00:00,92320.18,92400.94,92036.27,92128.22,621.86424
2025-11-20 09:00:00,92128.22,92135.01,91440.55,91950.0,1187.17976
2025-11-20 10:00:00,91950.01,92062.83,91603.84,91801.39,918.81997
2025-11-20 11:00:00,91801.39,92029.64,91485.4,91934.0,472.97339
2025-11-20 12:00:00,91934.01,91999.99,91688.0,91839.25,443.03933
2025-11-20 13:00:00,91839.25,92541.92,91451.99,91529.36,1535.257
2025-11-20 14:00:00,91529.36,91682.6,90431.54,91103.19,2227.67187
2025-11-20 15:00:00,91103.19,91171.78,89835.34,89869.88,1956.88604
2025-11-20 16:00:00,89869.88,89911.73,87487.95,87878.1,5918.46185
2025-11-20 17:00:00,87878.1,88158.49,86395.47,87233.81,5848.39149
2025-11-20 18:00:00,87233.8,87769.23,86318.78,86486.27,3087.08206
2025-11-20 19:00:00,86486.27,87146.29,86100.0,86921.28,2741.74748
2025-11-20 20:00:00,86921.27,87131.07,86325.23,86462.97,1475.77763
2025-11-20 21:00:00,86462.97,87674.23,86429.09,87282.6,1215.0571
2025-11-20 22:00:00,87282.44,88250.0,87192.91,88065.97,1274.57142
2025-11-20 23:00:00,88065.98,88173.09,86560.0,86637.23,1087.46036
2025-11-21 00:00:00,86637.22,87498.94,86592.0,87285.24,845.00605
2025-11-21 01:00:00,87285.24,87464.08,86834.81,87049.86,841.87222
2025-11-21 02:00:00,87049.86,87067.52,85360.0,85444.93,3003.64405
2025-11-21 03:00:00,85444.93,86135.58,85433.39,85821.34,1737.99681
2025-11-21 04:00:00,85821.35,86119.19,85404.05,86053.09,1036.52858
2025-11-21 05:00:00,86053.1,86459.53,85825.59,86195.08,1234.93355
2025-11-21 06:00:00,86195.09,86255.02,85550.0,85581.3,1347.08347
2025-11-21 07:00:00,85581.31,85769.86,82000.0,84049.39,10586.94545
2025-11-21 08:00:00,84049.38,84709.89,83521.07,83643.45,4196.83535
2025-11-21 09:00:00,83643.45,83988.4,82104.01,82207.84,4382.85302
2025-11-21 10:00:00,82207.83,82911.99,81648.0,82703.61,5588.71507
2025-11-21 11:00:00,82703.61,83340.72,82192.49,82309.66,2016.52315
2025-11-21 12:00:00,82309.67,83618.13,80600.0,83285.35,9181.08228
2025-11-21 13:00:00,83285.34,84427.79,83116.86,84115.28,4066.19195
2025-11-21 14:00:00,84115.29,85496.0,83544.82,84850.0,5134.71956
2025-11-21 15:00:00,84850.01,85103.42,82729.54,82932.47,4659.35985
2025-11-21 16:00:00,82932.46,84919.6,82333.0,84919.59,2895.89154
2025-11-21 17:00:00,84919.58,85572.82,84565.11,84877.07,2065.96878
2025-11-21 18:00:00,84877.06,85083.31,83304.87,84577.11,2102.7819
2025-11-21 19:00:00,84577.12,85025.71,84080.0,84209.3,1042.9006
2025-11-21 20:00:00,84209.3,84650.0,83464.96,84571.2,1215.11568
2025-11-21 21:00:00,84571.19,85416.66,84351.51,85182.14,1186.55255
2025-11-21 22:00:00,85182.14,85404.24,84267.25,84284.42,887.57484
2025-11-21 23:00:00,84284.43,85353.03,84121.38,85129.43,999.05049
2025-11-22 00:00:00,85129.42,85620.0,84571.13,84739.93,982.89986
2025-11-22 01:00:00,84739.92,85205.87,84588.75,85174.28,708.2007
2025-11-22 02:00:00,85174.28,85205.87,84285.71,84528.99,623.12435
2025-11-22 03:00:00,84529.0,84611.35,84212.39,84440.47,608.99066
2025-11-22 04:00:00,84440.48,84548.3,83832.91,84246.88,757.03562
2025-11-22 05:00:00,84246.89,84316.08,83868.53,84280.92,609.94979
2025-11-22 06:00:00,84280.92,84799.54,84080.0,84636.0,514.75646
2025-11-22 07:00:00,84636.0,84672.01,84400.0,84580.06,336.57657
2025-11-22 08:00:00,84580.06,84586.62,83935.95,84016.77,579.11003
2025-11-22 09:00:00,84016.77,84343.91,83666.0,83929.52,1402.34324
2025-11-22 10:00:00,83929.53,84211.5,83500.0,83693.25,755.24683
2025-11-22 11:00:00,83693.26,84343.91,83592.45,84098.94,605.75819
2025-11-22 12:00:00,84098.94,84160.8,83620.16,83884.0,632.74648
2025-11-22 13:00:00,83884.01,84132.09,83653.12,83947.89,450.3885
2025-11-22 14:00:00,83947.89,84755.83,83935.12,84494.4,1054.8619
2025-11-22 15:00:00,84494.4,84577.99,84014.39,84284.01,530.44756
2025-11-22 16:00:00,84284.01,84899.0,84219.62,84694.66,525.46062
2025-11-22 17:00:00,84694.65,84724.58,84423.98,84554.2,357.93738
2025-11-22 18:00:00,84554.2,84678.38,84480.66,84659.79,243.98434
2025-11-22 19:00:00,84659.8,84790.79,84510.53,84609.76,223.69917
2025-11-22 20:00:00,84609.77,84808.22,84244.51,84474.41,274.86848
2025-11-22 21:00:00,84474.41,84510.54,84237.7,84411.3,269.03241
2025-11-22 22:00:00,84411.31,85260.0,84269.04,85072.88,648.28851
2025-11-22 23:00:00,85072.87,85178.0,84670.56,84739.74,498.22498
2025-11-23 00:00:00,84739.75,85325.94,84667.57,84971.74,789.42586
2025-11-23 01:00:00,84971.74,86184.6,84950.97,85879.83,1247.13601
2025-11-23 02:00:00,85879.83,86349.84,85689.36,86000.34,1316.75776
2025-11-23 03:00:00,86000.34,86308.55,85820.68,86308.54,650.83168
2025-11-23 04:00:00,86308.54,86860.0,86150.61,86548.2,1045.11387
2025-11-23 05:00:00,86548.19,86593.68,86004.85,86358.28,592.93532
2025-11-23 06:00:00,86358.27,86500.0,85864.68,85864.68,546.56485
2025-11-23 07:00:00,85864.69,85911.72,85420.0,85782.19,728.39953
2025-11-23 08:00:00,85782.18,86196.94,85768.22,86137.19,554.48769
2025-11-23 09:00:00,86137.18,86465.24,86080.02,86393.02,427.24227
2025-11-23 10:00:00,86393.03,86452.0,86058.96,86066.23,429.62501
2025-11-23 11:00:00,86066.24,86421.0,85814.92,86331.28,676.0486
2025-11-23 12:00:00,86331.28,86892.0,86271.1,86530.04,917.48707
2025-11-23 13:00:00,86530.04,86934.0,86318.98,86928.31,646.33455
2025-11-23 14:00:00,86928.3,87200.0,86482.98,86547.4,1148.29527
2025-11-23 15:00:00,86547.4,87244.51,86451.9,87087.44,759.24987
2025-11-23 16:00:00,87087.44,87500.0,86670.23,86685.6,1449.1586
2025-11-23 17:00:00,86685.59,86957.45,86502.47,86746.51,752.54839
2025-11-23 18:00:00,86746.52,87259.58,86724.78,86995.02,584.09609
2025-11-23 19:00:00,86995.02,87689.47,86938.6,87325.01,926.15432
2025-11-23 20:00:00,87325.01,87694.68,87233.63,87483.36,726.71996
2025-11-23 21:00:00,87483.37,88000.0,87150.0,87992.02,647.97774
2025-11-23 22:00:00,87992.03,88127.64,87554.23,88004.0,806.41047
2025-11-23 23:00:00,88004.01,88086.96,86701.54,86830.0,1365.4634
2025-11-24 00:00:00,86830.0,87211.33,85946.65,86740.64,1392.29093
2025-11-24 01:00:00,86740.64,87091.31,86399.99,87068.51,958.30504
2025-11-24 02:00:00,87068.51,88059.44,87025.01,87518.22,1290.41003
2025-11-24 03:00:00,87518.23,87788.0,87200.69,87460.02,677.15494
2025-11-24 04:00:00,87460.03,87600.0,86450.0,86738.37,878.95809
2025-11-24 05:00:00,86738.36,87837.57,86675.82,87468.29,753.25217
2025-11-24 06:00:00,87468.28,87518.06,86819.98,86910.78,801.3858
2025-11-24 07:00:00,86910.77,87350.0,86700.0,87050.39,842.74354
2025-11-24 08:00:00,87050.39,87050.39,86724.78,86961.51,563.07997
2025-11-24 09:00:00,86961.5,86961.5,85825.84,85944.91,1224.1726
2025-11-24 10:00:00,85944.91,86190.0,85696.56,86049.74,1106.37218
2025-11-24 11:00:00,86049.74,86433.93,85840.0,86264.72,590.88464
2025-11-24 12:00:00,86264.71,86318.0,85888.0,86003.0,776.50309
2025-11-24 13:00:00,86003.0,86573.99,85947.91,86160.0,774.74433
2025-11-24 14:00:00,86159.84,86660.01,85272.0,86171.14,1629.59791
2025-11-24 15:00:00,86171.22,86741.5,85913.44,86616.44,1454.66429
2025-11-24 16:00:00,86616.44,87700.0,86616.43,87174.5,1597.9807
2025-11-24 17:00:00,87174.5,88550.68,86950.51,88369.91,1714.18113
2025-11-24 18:00:00,88369.91,88732.25,88200.0,88715.31,1475.2051
2025-11-24 19:00:00,88715.3,88834.62,88115.16,88327.29,1216.54554
2025-11-24 20:00:00,88327.29,89228.0,88327.29,89089.06,1349.46746
2025-11-24 21:00:00,89089.06,89132.0,88720.97,88766.15,601.72645
2025-11-24 22:00:00,88766.15,89091.96,88598.0,88636.54,522.98122
2025-11-24 23:00:00,88636.54,88690.0,88252.5,88300.01,470.5208
2025-11-25 00:00:00,88300.01,88300.01,87864.63,88100.0,784.64286
2025-11-25 01:00:00,88100.0,88223.85,87719.67,87732.83,590.37213
2025-11-25 02:00:00,87732.84,87942.26,87457.53,87909.4,661.24658
2025-11-25 03:00:00,87909.41,88048.78,87553.84,87822.12,470.13692
2025-11-25 04:00:00,87822.12,88519.99,87790.17,88341.14,559.30233
2025-11-25 05:00:00,88341.14,88341.14,87937.46,88120.82,385.97584
2025-11-25 06:00:00,88120.83,88149.01,87802.09,88003.97,428.0412
2025-11-25 07:00:00,88003.97,88069.96,87300.0,87384.81,1659.28548
2025-11-25 08:00:00,87384.81,87606.57,86993.2,87009.82,1030.08593
2025-11-25 09:00:00,87009.82,87243.57,86666.0,87231.76,1365.38754
2025-11-25 10:00:00,87231.76,87430.0,86950.01,87411.01,529.77845
2025-11-25 11:00:00,87411.0,87535.98,87310.0,87361.71,476.85969
2025-11-25 12:00:00,87361.71,87792.2,87361.71,87509.99,719.39885
2025-11-25 13:00:00,87510.0,87731.2,86870.5,87083.01,953.98515
2025-11-25 14:00:00,87083.0,87298.35,86116.0,86741.55,1997.11968
2025-11-25 15:00:00,86741.55,87300.0,86200.0,86988.94,1227.12482
2025-11-25 16:00:00,86988.93,87291.0,86712.35,87121.31,678.88146
2025-11-25 17:00:00,87121.31,88155.65,87046.09,87625.89,918.86754
2025-11-25 18:00:00,87625.9,87830.0,87237.18,87239.29,604.25375
2025-11-25 19:00:00,87239.29,87340.1,86182.49,86882.85,1026.34933
2025-11-25 20:00:00,86882.84,87463.0,86706.28,87382.7,718.04092
2025-11-25 21:00:00,87387.48,87449.73,86985.02,87032.37,660.28461
2025-11-25 22:00:00,87032.36,87722.92,86565.48,87642.41,612.11039
2025-11-25 23:00:00,87642.41,87889.38,87328.89,87369.96,509.50965
2025-11-26 00:00:00,87369.97,87770.0,87344.34,87573.51,492.76345
2025-11-26 01:00:00,87573.51,88224.0,87338.05,87921.94,625.50199
2025-11-26 02:00:00,87921.94,88087.97,87662.24,87711.82,382.80732
2025-11-26 03:00:00,87711.82,87892.82,87069.97,87119.92,734.20044
2025-11-26 04:00:00,87119.93,87368.0,86909.99,87230.23,523.25398
2025-11-26 05:00:00,87230.23,87741.5,87220.01,87519.53,391.28204
2025-11-26 06:00:00,87519.54,87889.0,87409.78,87794.0,567.75553
2025-11-26 07:00:00,87794.0,87970.0,87698.25,87935.05,346.36014
2025-11-26 08:00:00,87935.05,87941.58,87416.44,87424.8,352.28266
2025-11-26 09:00:00,87424.8,87453.47,86746.6,86825.27,1012.15795
2025-11-26 10:00:00,86825.27,87078.59,86670.36,86955.17,469.69958
2025-11-26 11:00:00,86955.17,87095.83,86844.01,87095.79,365.39116
2025-11-26 12:00:00,87095.78,87175.99,86306.77,86643.08,790.16422
2025-11-26 13:00:00,86643.07,87136.33,86568.85,87128.51,802.87416
2025-11-26 14:00:00,87128.51,87693.21,86813.5,86899.73,1419.99793
2025-11-26 15:00:00,86899.72,87349.41,86664.23,86978.0,1185.22598
2025-11-26 16:00:00,86977.99,87946.0,86956.61,87820.01,1248.92414
2025-11-26 17:00:00,87820.02,89962.9,87710.27,89830.79,2469.84113
2025-11-26 18:00:00,89830.8,90418.39,89676.0,90145.69,2128.19073
2025-11-26 19:00:00,90145.69,90197.83,89716.3,89957.36,1663.47818
2025-11-26 20:00:00,89957.37,90114.67,89508.85,89866.82,1645.62012
2025-11-26 21:00:00,89866.83,90491.28,89815.35,90195.99,803.11555
2025-11-26 22:00:00,90195.98,90656.08,90127.88,90386.57,686.02397
2025-11-26 23:00:00,90386.56,90600.0,90312.25,90484.02,568.91004
2025-11-27 00:00:00,90484.01,90597.32,90089.91,90485.85,863.56359
2025-11-27 01:00:00,90485.85,91236.0,90385.5,91145.78,1123.33988
2025-11-27 02:00:00,91145.78,91950.0,90879.76,91389.21,2941.8217
2025-11-27 03:00:00,91389.73,91615.6,91044.14,91091.68,815.09214
2025-11-27 04:00:00,91091.68,91353.85,91057.77,91277.06,509.22057
2025-11-27 05:00:00,91277.06,91554.49,90889.11,90967.54,724.51309
2025-11-27 06:00:00,90967.53,91445.3,90967.53,91244.58,600.26335
2025-11-27 07:00:00,91244.59,91496.63,91135.88,91408.34,609.78648
2025-11-27 08:00:00,91408.34,91520.24,91221.17,91492.02,626.375
2025-11-27 09:00:00,91492.01,91940.18,91475.39,91561.67,875.30832
2025-11-27 10:00:00,91561.67,91747.29,91347.02,91613.51,526.00515
2025-11-27 11:00:00,91613.52,91619.36,91307.69,91371.88,326.30294
2025-11-27 12:00:00,91371.87,91457.36,90950.0,90986.56,641.34239
2025-11-27 13:00:00,90986.56,91075.99,90438.43,90852.78,1344.1126
2025-11-27 14:00:00,90852.79,90978.49,90579.77,90789.68,539.81726
2025-11-27 15:00:00,90789.68,90988.0,90629.98,90958.3,396.23776
2025-11-27 16:00:00,90958.29,91562.0,90850.77,91467.13,778.41704
2025-11-27 17:00:00,91467.12,91635.79,91299.06,91479.3,704.33875
2025-11-27 18:00:00,91479.3,91843.59,91347.21,91791.99,433.08181
2025-11-27 19:00:00,91791.99,91791.99,91506.94,91528.21,363.77786
2025-11-27 20:00:00,91528.22,91596.76,91400.0,91433.17,259.27901
2025-11-27 21:00:00,91433.18,91600.0,91217.17,91416.99,272.08151
2025-11-27 22:00:00,91416.99,91590.0,91114.52,91317.65,289.90354
2025-11-27 23:00:00,91317.66,91566.0,91213.79,91333.95,269.52758
2025-11-28 00:00:00,91333.94,91417.99,91072.3,91207.34,405.71832
2025-11-28 01:00:00,91207.34,91209.82,90800.3,90804.56,495.69936
2025-11-28 02:00:00,90804.56,91135.69,90652.55,91083.08,665.69948
2025-11-28 03:00:00,91083.08,91306.63,91000.88,91208.85,362.93677
2025-11-28 04:00:00,91208.85,91486.29,91130.0,91424.02,286.91882
2025-11-28 05:00:00,91424.02,91707.79,91304.28,91612.09,444.39646
2025-11-28 06:00:00,91612.09,91612.09,91156.24,91300.69,441.82209
2025-11-28 07:00:00,91300.69,91568.98,90867.43,90910.87,700.7864
2025-11-28 08:00:00,90910.87,91717.0,90907.98,91690.0,899.46359
2025-11-28 09:00:00,91689.99,91850.0,91439.34,91599.99,578.7761
2025-11-28 10:00:00,91600.0,91874.86,91480.28,91850.49,786.48217
2025-11-28 11:00:00,91850.49,92030.0,91065.13,91437.64,910.59811
2025-11-28 12:00:00,91437.64,91692.3,91405.69,91513.4,360.31623
2025-11-28 13:00:00,91513.4,92635.0,91380.94,92377.01,1231.35483
2025-11-28 14:00:00,92377.0,93092.0,91818.35,92250.01,2337.42844
2025-11-28 15:00:00,92250.0,92796.0,91976.59,92412.09,1052.12707
